Id,Price
11001,454334.8
11002,1021289.9
11003,1491002.6
11004,2530308.0
11005,2925003.0
11006,2545959.8
11007,3286195.0
11008,2570130.8
11009,539233.0
11010,1097126.8
11011,3950330.0
11012,1487050.2
11013,1634691.1
11014,1927989.5
11015,712183.5
11016,993792.75
11017,2303116.0
11018,239991.64
11019,678388.4
11020,478087.0
11021,256913.45
11022,682872.2
11023,355479.88
11024,531362.75
11025,1512452.1
11026,2732918.5
11027,979968.4
11028,442896.44
11029,870548.94
11030,1543939.5
11031,713440.56
11032,550618.06
11033,1150907.5
11034,1242417.8
11035,686921.3
11036,294879.3
11037,713657.4
11038,931514.4
11039,979086.4
11040,776761.7
11041,2062589.4
11042,371693.94
11043,999545.56
11044,272135.88
11045,807698.94
11046,769580.56
11047,1180935.0
11048,731851.44
11049,2019511.6
11050,1418684.6
11051,403589.7
11052,686250.56
11053,2246690.8
11054,885569.06
11055,103400.016
11056,1649489.2
11057,592435.1
11058,1175563.5
11059,332211.44
11060,1086762.0
11061,192201.64
11062,886132.25
11063,2028142.4
11064,516006.88
11065,941373.94
11066,90297.33
11067,2744803.5
11068,977979.4
11069,631792.4
11070,1652676.4
11071,1679403.8
11072,2357213.2
11073,652962.7
11074,2164656.5
11075,834241.2
11076,747277.7
11077,351664.38
11078,261734.2
11079,824709.94
11080,2743802.5
11081,381714.0
11082,550291.5
11083,1305422.5
11084,475479.56
11085,422423.0
11086,185380.45
11087,618862.5
11088,159605.58
11089,904760.44
11090,740437.4
11091,2372621.2
11092,2676909.8
11093,157956.27
11094,2794115.5
11095,677955.9
11096,487089.12
11097,695505.2
11098,1065261.0
11099,1321276.9
11100,2565325.5
11101,864286.6
11102,801594.75
11103,348868.8
11104,1063725.4
11105,457009.8
11106,820623.6
11107,3686199.5
11108,405386.38
11109,1733697.4
11110,208962.95
11111,379764.0
11112,298188.75
11113,1612413.4
11114,4426402.0
11115,555259.94
11116,132196.02
11117,615142.0
11118,447360.88
11119,2133655.8
11120,910459.1
11121,1856977.0
11122,742953.8
11123,296328.44
11124,1759974.8
11125,795296.0
11126,360202.25
11127,566708.25
11128,701904.1
11129,1779376.9
11130,2154864.2
11131,647030.8
11132,701978.1
11133,331944.06
11134,2835651.8
11135,1120764.9
11136,355232.8
11137,335150.5
11138,1110863.8
11139,496482.3
11140,2872213.0
11141,1624139.8
11142,1243755.2
11143,820311.1
11144,2010589.1
11145,605605.56
11146,1002468.75
11147,1163328.9
11148,1404580.0
11149,1079978.5
11150,766672.75
11151,826095.94
11152,1343700.0
11153,3496053.2
11154,1589372.6
11155,1552526.8
11156,927009.3
11157,217734.2
11158,981744.1
11159,862414.44
11160,815480.6
11161,687710.0
11162,1358071.1
11163,737275.6
11164,1382616.8
11165,1103339.1
11166,2321573.2
11167,197831.95
11168,929519.4
11169,935029.6
11170,726611.75
11171,1726952.1
11172,1108950.0
11173,943519.75
11174,1735466.9
11175,429176.3
11176,835875.8
11177,612258.9
11178,2194045.0
11179,1143656.5
11180,1388532.6
11181,518814.75
11182,1865374.1
11183,857624.7
11184,340964.8
11185,419892.06
11186,1568032.4
11187,268741.44
11188,813384.8
11189,586602.1
11190,574189.7
11191,892696.8
11192,988440.1
11193,1906590.4
11194,898098.25
11195,434200.2
11196,422552.3
11197,700560.56
11198,3206093.2
11199,417963.75
11200,549542.9
11201,544057.3
11202,795432.4
11203,1474113.4
11204,1117803.2
11205,576286.75
11206,767490.5
11207,1285682.0
11208,1259896.8
11209,747240.94
11210,787575.44
11211,1646093.4
11212,522986.0
11213,1643810.1
11214,1651551.4
11215,434030.06
11216,1672873.6
11217,1382510.6
11218,347045.7
11219,290928.06
11220,355171.5
11221,2087622.9
11222,1069808.6
11223,999999.1
11224,673553.6
11225,390973.3
11226,428211.75
11227,521958.12
11228,2326533.2
11229,1084589.1
11230,1039730.75
11231,1707487.0
11232,912202.0
11233,1008906.4
11234,584704.5
11235,1384963.6
11236,2896789.0
11237,517344.06
11238,385114.75
11239,1507169.2
11240,656644.3
11241,1858369.0
11242,862517.06
11243,886684.1
11244,1041727.7
11245,4625100.0
11246,400710.56
11247,1979022.5
11248,1554822.0
11249,113254.33
11250,1395512.5
11251,518876.0
11252,586452.56
11253,1060768.2
11254,516709.12
11255,1994354.1
11256,667747.5
11257,633216.56
11258,1271171.2
11259,291201.7
11260,1900877.8
11261,580481.2
11262,263431.44
11263,1273790.1
11264,874564.4
11265,96776.39
11266,805830.25
11267,377106.62
11268,420859.56
11269,1377708.0
11270,1040257.9
11271,512770.88
11272,779979.0
11273,695453.75
11274,619851.9
11275,2005510.5
11276,318210.06
11277,378065.38
11278,1481235.8
11279,495799.0
11280,865769.44
11281,1628867.5
11282,1671342.2
11283,972452.2
11284,1608781.6
11285,1145615.6
11286,537386.94
11287,687692.5
11288,539241.1
11289,374875.56
11290,151208.08
11291,744298.0
11292,811205.1
11293,2129303.0
11294,1588784.5
11295,749624.0
11296,1069773.4
11297,615221.2
11298,402384.88
11299,2044563.0
11300,312433.5
11301,749871.56
11302,1773401.2
11303,271131.75
11304,1754773.5
11305,1470479.8
11306,1900481.6
11307,174847.33
11308,1022974.06
11309,724700.7
11310,952677.4
11311,738270.25
11312,898129.8
11313,524205.94
11314,834247.8
11315,694476.4
11316,930381.5
11317,734486.8
11318,1033153.9
11319,1564283.5
11320,1451230.6
11321,1152659.4
11322,3553780.0
11323,859974.8
11324,1163093.6
11325,873821.6
11326,1663361.2
11327,279266.12
11328,714056.56
11329,662368.44
11330,747060.7
11331,1064481.6
11332,305916.06
11333,1230052.4
11334,1032889.25
11335,2919788.0
11336,1599925.4
11337,565253.3
11338,1454698.8
11339,776718.6
11340,1328057.5
11341,1781209.9
11342,696829.6
11343,1005424.94
11344,965141.6
11345,86865.45
11346,3019514.2
11347,352870.0
11348,1664420.9
11349,602480.25
11350,1895593.0
11351,481946.94
11352,465008.94
11353,801756.94
11354,1645125.2
11355,810291.1
11356,918777.2
11357,535027.0
11358,1801154.9
11359,350832.8
11360,762722.3
11361,182176.95
11362,897493.0
11363,2641429.5
11364,150050.95
11365,877118.94
11366,1253708.9
11367,927340.06
11368,951737.94
11369,387194.44
11370,1080894.2
11371,511983.62
11372,2294865.8
11373,2088042.5
11374,591146.0
11375,740845.75
11376,515206.06
11377,1638858.2
11378,1407125.6
11379,1003864.44
11380,184544.83
11381,1385404.0
11382,143782.27
11383,1011382.2
11384,948521.56
11385,475634.0
11386,1451411.4
11387,1672268.0
11388,1309879.0
11389,507674.2
11390,1852277.5
11391,803635.94
11392,1039185.1
11393,138786.64
11394,594362.3
11395,746323.0
11396,1075522.1
11397,972013.06
11398,1138072.8
11399,950325.2
11400,523817.56
11401,2264733.8
11402,1364236.4
11403,186757.95
11404,1127003.1
11405,516343.06
11406,693753.3
11407,1300102.6
11408,1975128.0
11409,580691.4
11410,291009.88
11411,2043275.4
11412,1217814.8
11413,2089610.2
11414,581717.25
11415,1790598.8
11416,1495250.2
11417,1414199.8
11418,1479070.4
11419,958217.7
11420,2187673.8
11421,486462.06
11422,254026.14
11423,1044902.6
11424,587000.1
11425,223716.89
11426,579082.5
11427,625487.75
11428,953821.3
11429,601674.75
11430,831266.9
11431,1411198.8
11432,398635.38
11433,1144253.9
11434,2670432.0
11435,1405002.2
11436,669469.2
11437,896783.6
11438,192429.02
11439,2316151.5
11440,3990877.2
11441,51402.08
11442,1379782.8
11443,1545129.0
11444,363181.38
11445,383635.7
11446,2388819.2
11447,16063.64
11448,612876.5
11449,518185.12
11450,191562.64
11451,912532.4
11452,1468809.5
11453,170040.58
11454,246934.52
11455,1970158.9
11456,221081.89
11457,534240.1
11458,1016028.7
11459,618177.4
11460,1466022.0
11461,683754.7
11462,477845.2
11463,1050548.4
11464,932766.75
11465,2287724.5
11466,70273.016
11467,944771.3
11468,241047.27
11469,2107065.5
11470,2435832.0
11471,3007042.8
11472,2423648.8
11473,46383.64
11474,1775196.5
11475,611486.44
11476,2079791.4
11477,1095387.0
11478,329911.0
11479,1696293.6
11480,1624271.4
11481,208914.45
11482,994912.1
11483,2316381.8
11484,1610263.8
11485,264736.94
11486,943431.06
11487,690888.56
11488,350607.2
11489,1928153.5
11490,521818.25
11491,912584.8
11492,2109340.2
11493,936398.06
11494,2845168.5
11495,1590586.0
11496,2090553.8
11497,726108.56
11498,292686.3
11499,479623.0
11500,2090931.8
11501,451017.25
11502,1800477.9
11503,540593.06
11504,109519.64
11505,611289.2
11506,742738.94
11507,563086.25
11508,1750410.0
11509,682408.8
11510,1147385.9
11511,952039.9
11512,2168454.8
11513,571446.75
11514,342594.0
11515,116959.016
11516,918435.6
11517,1213710.8
11518,2823755.8
11519,577312.06
11520,752616.75
11521,3854446.0
11522,1335823.8
11523,1210785.9
11524,614598.44
11525,151827.64
11526,701224.44
11527,402491.56
11528,716938.9
11529,928368.2
11530,939060.75
11531,311250.5
11532,917685.8
11533,232956.89
11534,248563.95
11535,556728.25
11536,1593410.4
11537,374220.06
11538,577344.44
11539,386931.2
11540,986406.4
11541,635467.3
11542,1725638.8
11543,883024.6
11544,467061.3
11545,342696.75
11546,2914221.2
11547,847083.7
11548,1048042.3
11549,181217.89
11550,897313.6
11551,598094.1
11552,937921.2
11553,1232343.9
11554,1786180.5
11555,285630.88
11556,471626.0
11557,1666723.2
11558,517011.3
11559,372500.94
11560,1126973.5
11561,295746.06
11562,1592924.0
11563,450035.38
11564,305383.3
11565,462632.06
11566,920395.56
11567,1717330.0
11568,372373.2
11569,1867856.6
11570,181244.45
11571,534223.6
11572,1818921.2
11573,1162943.4
11574,1788420.1
11575,1433054.2
11576,127274.45
11577,341628.5
11578,1773488.5
11579,521556.8
11580,2848969.2
11581,502298.12
11582,463420.62
11583,1028391.06
11584,612096.06
11585,127457.016
11586,562545.25
11587,276972.7
11588,999016.56
11589,933116.7
11590,1640510.4
11591,362756.5
11592,235845.58
11593,1710820.6
11594,1140820.6
11595,1340760.8
11596,1215151.4
11597,2123100.8
11598,726641.25
11599,705128.1
11600,940295.6
11601,1293297.4
11602,1398898.5
11603,424140.38
11604,105950.766
11605,396704.88
11606,2592090.5
11607,671025.0
11608,1153023.9
11609,1627701.2
11610,867290.44
11611,1786953.8
11612,1255890.2
11613,1046224.5
11614,3730815.0
11615,991221.44
11616,943831.8
11617,931321.94
11618,1725008.4
11619,586322.8
11620,620550.0
11621,1714975.5
11622,1595904.0
11623,1206995.9
11624,709596.06
11625,1429105.6
11626,1466523.9
11627,2550949.0
11628,780922.3
11629,879682.44
11630,155786.58
11631,793719.56
11632,640492.44
11633,868291.2
11634,690806.75
11635,974874.6
11636,234253.08
11637,2174231.5
11638,2169641.2
11639,4785390.5
11640,1487105.0
11641,49035.516
11642,626117.2
11643,499990.88
11644,697291.25
11645,1098129.4
11646,1174798.9
11647,441610.5
11648,939470.94
11649,304942.0
11650,2016037.0
11651,597344.7
11652,1722872.1
11653,410896.75
11654,826997.1
11655,269637.06
11656,164521.27
11657,882006.3
11658,1442626.1
11659,1808419.1
11660,1206889.1
11661,2783603.8
11662,1774852.9
11663,1028446.6
11664,2042876.1
11665,478558.5
11666,1615023.8
11667,1187599.9
11668,2026619.2
11669,2387761.8
11670,761762.8
11671,116006.89
11672,301751.8
11673,353975.88
11674,1148226.0
11675,342430.06
11676,139356.52
11677,180479.77
11678,1723508.6
11679,932031.8
11680,2137268.8
11681,523694.44
11682,720524.44
11683,1146235.1
11684,589199.0
11685,587342.25
11686,685302.9
11687,1322034.5
11688,1452994.5
11689,887418.1
11690,941325.56
11691,988576.1
11692,113863.83
11693,682231.2
11694,665269.8
11695,300782.12
11696,1407180.6
11697,3059246.0
11698,482359.8
11699,2172397.0
11700,190005.83
11701,725520.2
11702,986114.44
11703,3917142.5
11704,2171810.0
11705,683876.06
11706,1860143.4
11707,1150955.9
11708,1870588.0
11709,1794349.6
11710,1092708.5
11711,996301.5
11712,1366416.8
11713,2719415.5
11714,1073448.0
11715,4336987.0
11716,693613.5
11717,2796641.8
11718,639026.6
11719,468766.44
11720,973116.4
11721,2501925.2
11722,681516.25
11723,837923.06
11724,1406402.2
11725,151930.39
11726,1000008.25
11727,920129.0
11728,1212181.0
11729,59956.14
11730,1223042.1
11731,273657.38
11732,941053.8
11733,168807.2
11734,1526339.8
11735,536704.8
11736,170403.83
11737,832606.2
11738,3385935.5
11739,163631.7
11740,894218.8
11741,522275.44
11742,875324.75
11743,1952976.2
11744,1464657.8
11745,2129544.0
11746,1634573.2
11747,171717.64
11748,1620759.0
11749,315412.3
11750,630416.56
11751,1097985.1
11752,833751.6
11753,2591855.5
11754,2249013.2
11755,621895.94
11756,1308086.9
11757,1210798.0
11758,993165.25
11759,716548.75
11760,476476.8
11761,729114.6
11762,2188012.8
11763,389074.8
11764,713060.94
11765,596056.56
11766,1782224.2
11767,771876.9
11768,1721491.9
11769,739310.4
11770,285681.75
11771,426158.8
11772,149580.7
11773,1954757.9
11774,340153.38
11775,1023737.8
11776,2458125.5
11777,332805.7
11778,1456749.0
11779,967551.0
11780,657196.7
11781,1331328.1
11782,482930.2
11783,1141999.8
11784,1772716.6
11785,752565.4
11786,1262506.5
11787,1474914.6
11788,2465236.2
11789,444020.38
11790,1011475.0
11791,599649.3
11792,785380.7
11793,671852.94
11794,420678.8
11795,1164022.2
11796,192138.14
11797,747273.6
11798,315811.25
11799,992713.2
11800,110594.89
11801,797688.75
11802,238130.27
11803,1146354.1
11804,1514234.1
11805,581605.0
11806,756246.44
11807,430145.2
11808,1674524.8
11809,923641.3
11810,1416290.2
11811,1543784.1
11812,1044925.44
11813,740775.3
11814,444474.62
11815,1190388.2
11816,556879.9
11817,384413.8
11818,1220338.2
11819,918191.94
11820,1623528.6
11821,2887029.5
11822,1243788.4
11823,2603470.5
11824,1964615.6
11825,2418468.2
11826,1153970.8
11827,1282816.8
11828,605023.8
11829,1001724.7
11830,1398781.1
11831,669302.06
11832,2247547.5
11833,614799.6
11834,342653.44
11835,1572852.0
11836,522172.8
11837,806747.75
11838,619152.5
11839,1692870.5
11840,245294.27
11841,1617863.9
11842,3758677.2
11843,1146924.2
11844,3763013.0
11845,1001641.25
11846,1034426.9
11847,2815015.5
11848,1562258.8
11849,523530.75
11850,251385.39
11851,960383.94
11852,929256.0
11853,953226.9
11854,914537.8
11855,1255054.0
11856,405832.94
11857,1432368.9
11858,1297320.6
11859,401064.75
11860,1222854.4
11861,2245731.2
11862,2912342.5
11863,903308.5
11864,377900.0
11865,897110.0
11866,711400.8
11867,927132.5
11868,306034.12
11869,509163.3
11870,1688627.6
11871,2324516.8
11872,2474921.5
11873,461721.8
11874,616904.7
11875,719829.2
11876,3597584.8
11877,1229402.8
11878,1348446.2
11879,791156.94
11880,376894.38
11881,750136.2
11882,247779.89
11883,1888181.4
11884,433939.62
11885,874955.94
11886,810655.6
11887,706187.56
11888,662760.25
11889,581464.06
11890,2373120.2
11891,1330830.0
11892,1386599.9
11893,407115.7
11894,1416489.9
11895,992004.3
11896,1002348.94
11897,872288.8
11898,657052.7
11899,837998.5
11900,1266431.0
11901,2125673.0
11902,707255.5
11903,1935738.8
11904,519546.2
11905,832767.5
11906,2741791.2
11907,739614.25
11908,453776.8
11909,1172491.4
11910,926008.56
11911,2373514.0
11912,553141.25
11913,649893.1
11914,994904.9
11915,427372.88
11916,1388584.8
11917,538808.06
11918,417787.38
11919,941515.8
11920,1574941.4
11921,559983.8
11922,373108.25
11923,1031188.4
11924,418400.25
11925,1045166.8
11926,865613.3
11927,389113.8
11928,180696.39
11929,1039286.7
11930,396188.2
11931,1863866.9
11932,970102.06
11933,478291.38
11934,655290.9
11935,875339.2
11936,1098125.0
11937,1026383.56
11938,655809.9
11939,609404.94
11940,747505.1
11941,1451861.4
11942,1178341.9
11943,337904.2
11944,1986213.9
11945,1194758.8
11946,698107.25
11947,1058984.1
11948,544424.2
11949,404552.06
11950,2718451.2
11951,4425004.5
11952,2529854.0
11953,1090995.2
11954,1236051.9
11955,1367297.5
11956,866096.44
11957,437986.3
11958,964976.0
11959,1001098.8
11960,322185.2
11961,2208979.2
11962,487531.2
11963,313533.06
11964,2321086.5
11965,337890.25
11966,362288.0
11967,1317871.2
11968,2152622.5
11969,1119288.0
11970,93377.2
11971,455032.25
11972,553925.25
11973,1738680.5
11974,1762083.8
11975,503999.12
11976,193212.2
11977,1704935.4
11978,2861399.2
11979,675448.6
11980,1815857.1
11981,2580304.5
11982,360727.62
11983,1927597.6
11984,572465.44
11985,361697.0
11986,2091705.4
11987,809017.0
11988,1358663.2
11989,1626439.4
11990,2567017.2
11991,342542.75
11992,301560.5
11993,888715.7
11994,818883.1
11995,1744576.9
11996,1703396.8
11997,2051910.9
11998,605090.44
11999,2369119.5
12000,187036.2
12001,1337604.5
12002,358468.94
12003,552753.75
12004,978688.6
12005,722202.2
12006,2825503.0
12007,1072721.0
12008,44329.766
12009,837895.44
12010,960029.5
12011,2935035.5
12012,768754.2
12013,1628836.4
12014,323547.88
12015,1925581.8
12016,509487.94
12017,2652480.5
12018,536542.56
12019,479611.0
12020,1804761.5
12021,2240575.0
12022,240247.7
12023,7793359.0
12024,909148.9
12025,1504888.1
12026,537819.06
12027,3672098.8
12028,673240.2
12029,857792.5
12030,378736.25
12031,783661.4
12032,462043.06
12033,680292.56
12034,408032.44
12035,1570250.4
12036,2686092.0
12037,2588592.8
12038,739096.8
12039,1338070.2
12040,774232.94
12041,1860677.5
12042,1258981.9
12043,220437.02
12044,705872.3
12045,797818.94
12046,2075069.9
12047,729251.25
12048,827818.25
12049,621995.44
12050,493667.88
12051,1028652.94
12052,299686.06
12053,2425784.8
12054,2313349.0
12055,2010879.2
12056,566143.06
12057,679704.1
12058,838769.3
12059,86422.45
12060,1014820.25
12061,606345.2
12062,768150.0
12063,461168.12
12064,534655.0
12065,1033215.44
12066,153206.52
12067,1159348.9
12068,431028.94
12069,583501.44
12070,1847926.5
12071,1493354.2
12072,1270957.9
12073,745748.1
12074,974043.44
12075,531177.25
12076,1357046.9
12077,3057249.0
12078,310761.88
12079,440080.2
12080,741031.7
12081,1410374.8
12082,633363.1
12083,4038276.2
12084,1826733.1
12085,1430763.5
12086,819387.5
12087,442879.5
12088,427321.25
12089,4103644.5
12090,1577019.2
12091,628210.94
12092,1431971.1
12093,542189.44
12094,844702.7
12095,452965.62
12096,2284700.2
12097,77575.766
12098,4395486.5
12099,2586954.2
12100,660212.3
12101,692209.9
12102,1873630.0
12103,843460.2
12104,173778.58
12105,627746.5
12106,1376031.0
12107,1663167.0
12108,278245.44
12109,2060405.8
12110,669902.8
12111,861291.1
12112,388022.2
12113,445671.06
12114,544644.5
12115,938122.1
12116,911683.6
12117,2947746.8
12118,1875709.6
12119,918530.8
12120,1390780.2
12121,852324.3
12122,226654.89
12123,881220.0
12124,318551.0
12125,360568.44
12126,681069.56
12127,1912968.8
12128,1606665.1
12129,440700.25
12130,1282810.0
12131,1768337.0
12132,1701235.6
12133,1967179.9
12134,304661.12
12135,1430992.2
12136,1804198.0
12137,652494.6
12138,933193.25
12139,1382017.5
12140,545320.7
12141,1504995.0
12142,1589993.2
12143,2115877.5
12144,363747.25
12145,1037721.1
12146,1760629.5
12147,421265.06
12148,1141078.6
12149,1126489.1
12150,1131272.4
12151,695650.5
12152,327704.56
12153,2362275.2
12154,328023.56
12155,364530.0
12156,832207.25
12157,1306064.0
12158,2800000.8
12159,1215900.0
12160,249616.83
12161,981359.44
12162,351333.62
12163,461596.56
12164,495448.94
12165,797129.4
12166,360891.5
12167,1279355.5
12168,472260.3
12169,1880235.6
12170,1797010.5
12171,448256.8
12172,520401.3
12173,1250374.5
12174,315291.94
12175,155395.89
12176,1553934.6
12177,534944.0
12178,2434808.8
12179,659166.3
12180,2070286.1
12181,1519518.9
12182,733381.9
12183,2016715.5
12184,841790.0
12185,606726.4
12186,2954326.5
12187,1768296.5
12188,536974.2
12189,440688.38
12190,406566.2
12191,2245916.2
12192,434750.7
12193,946877.06
12194,1482585.1
12195,2361404.2
12196,1042772.0
12197,1185106.0
12198,3133685.5
12199,2274968.5
12200,1649967.0
12201,3592806.2
12202,185537.02
12203,474632.38
12204,1133652.1
12205,1427436.6
12206,2470414.2
12207,1278579.6
12208,818887.56
12209,1385085.1
12210,2579518.5
12211,3009631.0
12212,654781.9
12213,854381.75
12214,1999077.0
12215,636009.2
12216,1940913.6
12217,1269467.5
12218,1303273.1
12219,3048144.0
12220,2363740.5
12221,2471390.8
12222,805818.56
12223,899135.9
12224,1022876.5
12225,2230514.0
12226,353322.8
12227,1603331.2
12228,790302.3
12229,953106.25
12230,4452143.0
12231,710180.0
12232,1175704.5
12233,1726547.2
12234,1242381.1
12235,1474731.6
12236,1763474.4
12237,788968.44
12238,843136.06
12239,1468925.6
12240,925678.7
12241,1955501.8
12242,2301506.0
12243,1461255.5
12244,229321.02
12245,1093785.0
12246,933352.75
12247,480653.75
12248,569600.2
12249,405693.44
12250,1037603.4
12251,466265.0
12252,934079.3
12253,567913.94
12254,2057376.5
12255,438526.94
12256,757052.75
12257,927774.56
12258,755027.9
12259,358887.06
12260,208366.45
12261,2662807.8
12262,646143.9
12263,1260499.4
12264,667340.1
12265,587094.75
12266,500798.06
12267,754278.25
12268,241297.64
12269,450259.5
12270,1112713.6
12271,1241447.1
12272,632370.0
12273,2216671.0
12274,2819100.0
12275,892835.4
12276,296912.2
12277,1051946.9
12278,283457.88
12279,1321287.9
12280,386532.8
12281,2371548.8
12282,1513903.9
12283,603339.06
12284,428329.0
12285,1457695.4
12286,776763.1
12287,1674594.8
12288,571956.44
12289,663564.3
12290,186370.33
12291,1684515.6
12292,1144190.0
12293,867500.06
12294,2576098.5
12295,974259.75
12296,714162.3
12297,550665.4
12298,1343653.8
12299,743001.4
12300,39427.64
12301,659124.2
12302,364054.06
12303,551272.44
12304,329499.12
12305,674210.9
12306,888008.44
12307,485512.5
12308,1208497.4
12309,3055509.5
12310,588586.1
12311,828747.9
12312,727486.7
12313,672431.75
12314,1655295.9
12315,1088770.6
12316,1756073.1
12317,1244157.5
12318,1641816.5
12319,-27262.36
12320,400850.38
12321,1320650.0
12322,721415.75
12323,726045.5
12324,338108.75
12325,1376645.2
12326,2440062.0
12327,1415685.5
12328,917794.44
12329,866958.3
12330,1905156.5
12331,540942.8
12332,246296.64
12333,1017349.56
12334,1767448.4
12335,1507723.5
12336,59961.83
12337,267653.38
12338,978394.8
12339,1019943.1
12340,1481904.1
12341,767168.25
12342,336835.62
12343,1861512.5
12344,625002.94
12345,342758.94
12346,479974.88
12347,223307.89
12348,132021.39
12349,725746.94
12350,2161652.2
12351,2168495.2
12352,1358116.4
12353,2634417.0
12354,1489606.5
12355,3607647.0
12356,419145.12
12357,568613.75
12358,845450.1
12359,417180.12
12360,1484501.8
12361,636880.94
12362,2128262.0
12363,885012.3
12364,302810.06
12365,796003.6
12366,1230002.5
12367,458424.38
12368,317052.44
12369,363783.75
12370,1324061.2
12371,147277.89
12372,2400144.0
12373,734899.75
12374,428656.7
12375,2637766.0
12376,1362526.4
12377,670136.75
12378,1439541.1
12379,2171058.5
12380,938689.2
12381,1146416.9
12382,940477.1
12383,458384.8
12384,833054.6
12385,2174631.2
12386,90044.45
12387,709938.94
12388,161369.64
12389,2205590.5
12390,2272661.2
12391,1231306.8
12392,71090.33
12393,984308.7
12394,1999052.2
12395,880639.25
12396,1563007.4
12397,187793.45
12398,226538.64
12399,2322966.2
12400,1789066.0
12401,1274955.6
12402,553286.94
12403,433312.7
12404,1682864.6
12405,1420154.1
12406,637311.44
12407,840984.56
12408,749417.7
12409,1312644.5
12410,1428227.2
12411,998174.4
12412,466612.88
12413,1819658.4
12414,356577.75
12415,435280.62
12416,1663252.4
12417,240412.64
12418,794794.5
12419,4615716.5
12420,1147143.0
12421,1717538.4
12422,619200.5
12423,262758.06
12424,1052958.8
12425,181505.58
12426,1741318.6
12427,1103864.2
12428,2204659.5
12429,582900.4
12430,851266.75
12431,687642.94
12432,794208.06
12433,1005073.06
12434,828732.06
12435,2142606.0
12436,739225.0
12437,4704384.5
12438,1371507.9
12439,262787.2
12440,336195.38
12441,1375924.6
12442,796896.75
12443,606376.7
12444,289646.88
12445,54516.516
12446,1488757.2
12447,363825.0
12448,557587.5
12449,392654.8
12450,443486.38
12451,1097206.2
12452,702281.6
12453,1704794.0
12454,2035792.6
12455,508793.5
12456,662087.2
12457,1267453.6
12458,1560759.6
12459,2025153.9
12460,1219592.9
12461,2679894.0
12462,527820.1
12463,428411.88
12464,320005.2
12465,354053.2
12466,1398487.5
12467,4361542.5
12468,618793.06
12469,1895895.4
12470,2708681.2
12471,1717879.0
12472,391300.62
12473,736374.94
12474,464558.94
12475,316112.88
12476,648206.3
12477,481988.12
12478,948636.4
12479,273576.3
12480,1983448.5
12481,1036164.1
12482,1477596.1
12483,4466705.0
12484,871101.06
12485,361967.0
12486,2027338.5
12487,759204.1
12488,4275124.0
12489,1624664.8
12490,1479343.1
12491,626124.75
12492,380169.8
12493,7591778.0
12494,820180.4
12495,2208615.2
12496,1006250.56
12497,3200343.0
12498,2383306.2
12499,646660.3
12500,558035.7
12501,2252193.0
12502,516620.56
12503,1178220.0
12504,2446508.8
12505,131937.27
12506,2010149.9
12507,1074975.2
12508,3457763.8
12509,2354762.2
12510,611420.4
12511,1032925.25
12512,146544.95
12513,525860.9
12514,760816.56
12515,1073221.9
12516,682098.4
12517,805010.25
12518,1062750.0
12519,1741008.0
12520,732813.7
12521,261076.08
12522,1088360.2
12523,678852.2
12524,871015.7
12525,269904.56
12526,597217.25
12527,365262.0
12528,1840788.0
12529,98211.7
12530,599832.56
12531,805372.06
12532,487041.88
12533,1505043.5
12534,1694014.1
12535,322088.75
12536,6024106.5
12537,958741.44
12538,1677159.4
12539,304754.44
12540,935783.5
12541,637697.4
12542,822667.7
12543,1225833.5
12544,1225081.9
12545,1831233.6
12546,404888.12
12547,685785.56
12548,745463.8
12549,3789098.0
12550,182178.2
12551,1506796.0
12552,2669842.8
12553,375140.0
12554,320722.5
12555,1147187.5
12556,479732.75
12557,1660023.5
12558,343151.25
12559,1025160.1
12560,2388433.8
12561,1019090.8
12562,710979.0
12563,1405927.2
12564,1801613.4
12565,370849.5
12566,815948.25
12567,519781.75
12568,726480.3
12569,2193175.8
12570,766669.9
12571,885080.3
12572,1168608.9
12573,638582.9
12574,2879441.8
12575,1015670.56
12576,536310.56
12577,632632.0
12578,961732.6
12579,654940.25
12580,109171.45
12581,84751.266
12582,3369530.2
12583,384925.12
12584,610219.8
12585,176755.7
12586,2221373.2
12587,663914.56
12588,2643659.8
12589,336075.3
12590,785813.9
12591,1295578.9
12592,551754.9
12593,1226829.6
12594,744563.25
12595,243201.77
12596,529462.0
12597,2173501.2
12598,369875.3
12599,323780.56
12600,266659.44
12601,798731.94
12602,732724.3
12603,535550.0
12604,1022326.0
12605,608525.2
12606,732294.5
12607,931378.7
12608,2109638.5
12609,1673625.4
12610,459437.94
12611,379643.44
12612,1010545.75
12613,1452399.1
12614,496332.25
12615,1439743.0
12616,2461134.2
12617,1662110.8
12618,586864.25
12619,333289.12
12620,1199873.0
12621,372728.8
12622,1305728.5
12623,1305381.0
12624,331528.5
12625,670488.3
12626,1103403.2
12627,1248298.1
12628,884052.75
12629,1926845.8
12630,520076.5
12631,1956614.8
12632,401740.3
12633,547301.3
12634,749110.0
12635,89100.516
12636,907232.2
12637,221568.95
12638,374668.25
12639,3281078.8
12640,818217.1
12641,1455133.5
12642,755468.25
12643,1598605.9
12644,276762.12
12645,2577728.8
12646,638470.9
12647,1420140.4
12648,2156458.5
12649,1829126.9
12650,899664.6
12651,920728.44
12652,854074.2
12653,748522.5
12654,1043637.3
12655,220226.33
12656,889547.0
12657,720281.7
12658,1146291.5
12659,259420.45
12660,131531.95
12661,444483.38
12662,430369.44
12663,2160133.5
12664,2291541.5
12665,2183462.2
12666,1893864.6
12667,955447.94
12668,784242.06
12669,1134920.2
12670,1356883.2
12671,323986.0
12672,841615.3
12673,1533433.1
12674,942299.7
12675,1695473.9
12676,279160.75
12677,293438.7
12678,1011024.1
12679,959255.94
12680,2802925.0
12681,1479537.6
12682,634396.75
12683,1766446.8
12684,1844808.1
12685,240468.89
12686,345904.8
12687,375812.06
12688,-46836.36
12689,183052.64
12690,365859.2
12691,1938702.8
12692,1016129.75
12693,590156.1
12694,427783.2
12695,3874838.8
12696,825364.6
12697,61770.64
12698,1178238.9
12699,811095.44
12700,703456.94
12701,151820.02
12702,782021.5
12703,894445.1
12704,2984969.0
12705,297782.75
12706,3443897.2
12707,672586.6
12708,2031998.6
12709,497038.44
12710,946523.3
12711,872824.44
12712,642277.6
12713,1923410.9
12714,375497.2
12715,179055.89
12716,290895.62
12717,1073122.1
12718,474327.56
12719,1469292.0
12720,654584.4
12721,313467.38
12722,1925519.0
12723,526963.8
12724,1925366.6
12725,393308.06
12726,796825.75
12727,743964.06
12728,354218.12
12729,1561347.5
12730,608394.4
12731,1054900.2
12732,1124479.2
12733,1570948.8
12734,1642837.1
12735,458993.44
12736,721233.56
12737,1789315.1
12738,2170326.5
12739,666408.4
12740,1053617.1
12741,1323681.4
12742,1204566.4
12743,789728.6
12744,1320763.2
12745,2972048.0
12746,1042037.3
12747,807730.8
12748,819852.44
12749,193971.58
12750,206445.39
12751,992564.1
12752,1360772.6
12753,166500.58
12754,1635651.6
12755,500423.5
12756,2032358.4
12757,59832.89
12758,157393.83
12759,1352629.0
12760,825880.2
12761,1454046.1
12762,348499.12
12763,914056.56
12764,720272.75
12765,585207.56
12766,2180190.2
12767,1340342.9
12768,942947.3
12769,665605.25
12770,413527.06
12771,820841.44
12772,2740617.2
12773,749430.44
12774,2787536.2
12775,349684.06
12776,451082.56
12777,258207.52
12778,1775681.8
12779,1044139.6
12780,750317.75
12781,431562.8
12782,629602.4
12783,400823.0
12784,255713.33
12785,2212100.0
12786,267582.44
12787,971326.25
12788,403108.62
12789,1537011.1
12790,708895.06
12791,928970.44
12792,1806418.2
12793,479168.88
12794,864706.4
12795,3741130.5
12796,1665696.1
12797,1066143.9
12798,305272.94
12799,1993312.0
12800,583311.25
12801,1123346.0
12802,723166.56
12803,959781.0
12804,1361211.1
12805,1129948.8
12806,1129651.8
12807,1700745.5
12808,1471513.4
12809,1021881.0
12810,68297.2
12811,388929.2
12812,153215.33
12813,175715.2
12814,240653.27
12815,666593.44
12816,578917.0
12817,1231175.9
12818,649117.8
12819,834541.2
12820,817981.5
12821,2053136.2
12822,1580709.5
12823,2388900.0
12824,2554266.8
12825,1763614.0
12826,1868953.1
12827,1893375.4
12828,1033172.3
12829,1034475.56
12830,2910272.0
12831,406272.12
12832,555811.3
12833,894577.5
12834,2187655.8
12835,1304092.2
12836,508152.94
12837,1817436.0
12838,685840.25
12839,270124.2
12840,532725.7
12841,759066.94
12842,462255.62
12843,660965.7
12844,611149.75
12845,402642.0
12846,553202.9
12847,419150.06
12848,1463847.5
12849,356204.0
12850,1070681.4
12851,634650.9
12852,1248894.4
12853,578715.56
12854,856354.3
12855,606954.75
12856,1211533.8
12857,421617.3
12858,288227.56
12859,1090264.2
12860,418679.38
12861,2526917.8
12862,1368912.6
12863,357841.44
12864,400578.7
12865,1154035.8
12866,472472.2
12867,325582.7
12868,310683.62
12869,3414341.8
12870,1623735.8
12871,410515.12
12872,1087332.5
12873,1945100.4
12874,657175.94
12875,696920.8
12876,915286.56
12877,1693169.6
12878,215937.33
12879,1063749.0
12880,343866.3
12881,427095.94
12882,667135.2
12883,1182114.4
12884,1736878.8
12885,404254.5
12886,1377443.5
12887,970363.8
12888,316247.2
12889,2239780.8
12890,1382781.4
12891,227968.52
12892,450889.38
12893,352609.2
12894,1022303.25
12895,1408546.4
12896,323687.44
12897,306088.62
12898,208400.14
12899,628192.3
12900,1932605.0
12901,3469514.2
12902,510458.06
12903,572111.9
12904,330082.75
12905,418535.2
12906,2591292.8
12907,586417.25
12908,696644.06
12909,1028113.9
12910,682028.4
12911,1417098.2
12912,1431420.4
12913,953436.0
12914,371161.7
12915,1280202.1
12916,2333427.5
12917,564467.4
12918,933369.0
12919,449252.12
12920,323180.7
12921,818588.25
12922,246751.2
12923,1151362.8
12924,1721559.4
12925,1234283.2
12926,297778.44
12927,831193.94
12928,282980.7
12929,1139658.1
12930,2604794.8
12931,2091480.2
12932,721716.06
12933,1429092.4
12934,2426011.5
12935,1357612.0
12936,3182848.2
12937,600925.25
12938,2123621.8
12939,2313265.8
12940,311503.3
12941,371325.3
12942,1974539.0
12943,2188006.8
12944,621168.06
12945,1878644.2
12946,3323660.8
12947,557934.0
12948,225796.89
12949,1230669.4
12950,2174111.2
12951,1024685.3
12952,314235.8
12953,381251.94
12954,713078.9
12955,677925.9
12956,408820.3
12957,1101529.9
12958,3051042.0
12959,2116762.5
12960,402631.94
12961,1154653.5
12962,265051.3
12963,1330848.6
12964,241203.14
12965,1142914.4
12966,870547.2
12967,1099258.5
12968,1092678.6
12969,104184.83
12970,266884.88
12971,243337.52
12972,425739.06
12973,785679.8
12974,42017.89
12975,186710.39
12976,203947.33
12977,1514815.6
12978,2222358.0
12979,2021594.8
12980,390573.25
12981,599596.0
12982,655227.0
12983,1082158.9
12984,1007941.5
12985,489355.62
12986,206094.39
12987,199188.83
12988,754185.0
12989,419946.44
12990,1274438.1
12991,1081213.1
12992,1528229.8
12993,999688.6
12994,1296117.1
12995,73675.33
12996,371392.44
12997,1358858.2
12998,715443.8
12999,1546748.4
13000,398342.88
13001,826958.4
13002,870682.06
13003,137088.64
13004,286911.62
13005,541084.3
13006,222996.45
13007,1416638.1
13008,2387815.5
13009,2727822.5
13010,1402274.9
13011,209086.77
13012,658627.25
13013,685020.9
13014,455375.25
13015,716429.8
13016,2004341.0
13017,941389.5
13018,649853.9
13019,823867.9
13020,426875.3
13021,301597.2
13022,147642.02
13023,2055486.9
13024,1736341.4
13025,1138340.2
13026,1192775.8
13027,1432143.5
13028,1499890.6
13029,1485081.2
13030,851021.7
13031,1255207.0
13032,513512.88
13033,645783.0
13034,319553.2
13035,975714.0
13036,859408.25
13037,1003232.4
13038,1038790.94
13039,460272.2
13040,378542.44
13041,119894.2
13042,1897895.5
13043,1241686.1
13044,3873457.0
13045,1851296.8
13046,1468154.1
13047,834103.3
13048,1281325.2
13049,1129997.5
13050,1980691.1
13051,117850.64
13052,1790025.6
13053,1618461.4
13054,930051.56
13055,367020.0
13056,964685.94
13057,1300161.4
13058,1235300.5
13059,173433.58
13060,306736.3
13061,807008.06
13062,1104195.5
13063,295250.44
13064,918998.5
13065,447327.8
13066,1834919.8
13067,1433727.6
13068,2037240.9
13069,2099100.2
13070,3400421.5
13071,529100.4
13072,411431.8
13073,1331929.1
13074,891607.3
13075,1674541.6
13076,803506.4
13077,550532.5
13078,462492.88
13079,242091.77
13080,395606.25
13081,1084296.6
13082,572179.4
13083,2232838.8
13084,695129.3
13085,861930.44
13086,1087831.6
13087,761290.56
13088,953832.8
13089,974296.3
13090,217534.14
13091,158659.83
13092,1005073.1
13093,1382354.6
13094,1285464.2
13095,1765296.4
13096,929325.44
13097,755288.6
13098,820805.3
13099,652146.75
13100,724307.94
13101,877666.06
13102,2846641.2
13103,576029.1
13104,525742.9
13105,1538706.1
13106,339658.12
13107,1779378.2
13108,252683.33
13109,1426530.0
13110,348886.94
13111,-46750.61
13112,564008.2
13113,878376.75
13114,1979087.5
13115,1118343.9
13116,1663359.2
13117,2383965.8
13118,2223750.8
13119,2046000.2
13120,2453794.8
13121,1417892.5
13122,1446150.9
13123,837441.5
13124,1151538.6
13125,336473.3
13126,2237775.5
13127,511627.94
13128,2691741.2
13129,29623.516
13130,183635.33
13131,1630302.1
13132,680529.44
13133,574144.94
13134,1349233.6
13135,1470648.4
13136,142985.58
13137,1097301.5
13138,676665.06
13139,452459.06
13140,382791.75
13141,569675.8
13142,571554.56
13143,2661549.0
13144,492773.12
13145,1416076.4
13146,448586.3
13147,1431813.0
13148,575770.6
13149,409937.75
13150,351160.3
13151,2473046.5
13152,688490.7
13153,937053.6
13154,1274970.2
13155,404986.06
13156,1789579.8
13157,708642.75
13158,1123662.8
13159,1362611.4
13160,874587.5
13161,568561.5
13162,1300749.8
13163,863175.94
13164,1139550.0
13165,747643.25
13166,1481007.8
13167,2460515.0
13168,1757504.8
13169,1749924.9
13170,976556.0
13171,1007587.2
13172,151664.27
13173,744533.7
13174,602589.6
13175,428553.75
13176,2509823.8
13177,835934.75
13178,821918.56
13179,673539.4
13180,443965.12
13181,2744019.5
13182,420081.06
13183,1711984.6
13184,579008.75
13185,1960684.9
13186,1195656.6
13187,1423403.4
13188,1250959.1
13189,88318.64
13190,1252429.1
13191,732177.25
13192,573047.6
13193,333114.06
13194,470190.38
13195,1070401.5
13196,1304524.5
13197,1380624.8
13198,2205400.5
13199,1036617.94
13200,2136002.0
13201,1005524.8
13202,1633791.5
13203,83708.14
13204,1107853.0
13205,958281.94
13206,507097.88
13207,464101.44
13208,1930786.6
13209,365304.2
13210,801077.5
13211,2322308.8
13212,1704263.0
13213,2308149.2
13214,1227336.5
13215,1075275.6
13216,1030289.4
13217,943235.44
13218,916317.7
13219,711358.9
13220,625140.4
13221,116448.64
13222,152701.77
13223,952384.8
13224,1799627.8
13225,340081.2
13226,845848.3
13227,300192.8
13228,2822501.0
13229,283100.38
13230,2252223.5
13231,2097709.0
13232,720465.56
13233,2414534.0
13234,384426.3
13235,984121.9
13236,1748015.6
13237,957679.9
13238,1415014.5
13239,2055693.5
13240,1622697.8
13241,3774995.0
13242,2493404.5
13243,865871.9
13244,208108.2
13245,1794322.5
13246,774637.5
13247,769495.94
13248,4204549.0
13249,1757806.1
13250,2648119.5
13251,734594.1
13252,1016292.75
13253,1570696.8
13254,1053506.6
13255,1453687.6
13256,3132509.2
13257,2378433.5
13258,318006.75
13259,1187841.4
13260,1047197.2
13261,2474223.2
13262,1652004.8
13263,1405596.2
13264,950994.6
13265,854734.9
13266,947889.5
13267,648326.9
13268,427078.7
13269,265325.12
13270,679446.75
13271,312655.5
13272,1793575.1
13273,738248.8
13274,1123676.0
13275,1436449.6
13276,330074.8
13277,2142007.5
13278,196886.33
13279,589985.0
13280,1159531.9
13281,1634366.4
13282,2476365.5
13283,683344.9
13284,2032253.5
13285,368616.44
13286,820489.94
13287,607789.75
13288,1473460.8
13289,2373503.5
13290,676441.75
13291,748268.1
13292,1025536.4
13293,229904.52
13294,432912.3
13295,712784.8
13296,964836.0
13297,1751109.9
13298,661061.75
13299,351762.75
13300,488884.94
13301,1694163.2
13302,801559.9
13303,421179.88
13304,1158776.9
13305,1872631.8
13306,349768.7
13307,410516.3
13308,478857.8
13309,547542.3
13310,1350499.8
13311,567995.5
13312,228514.45
13313,505127.62
13314,593960.5
13315,1140124.4
13316,1390443.8
13317,2097854.5
13318,2331792.5
13319,924692.3
13320,49659.58
13321,207498.89
13322,372782.75
13323,981756.25
13324,130781.14
13325,886793.4
13326,703853.8
13327,364892.5
13328,847244.56
13329,2325316.0
13330,560479.7
13331,2593579.5
13332,1262438.6
13333,948137.5
13334,1130610.5
13335,963081.06
13336,1021354.9
13337,1303640.9
13338,1402228.6
13339,952737.56
13340,318563.0
13341,1090746.4
13342,485017.8
13343,2068465.6
13344,650841.9
13345,1021548.2
13346,115450.766
13347,908062.0
13348,1239004.9
13349,1400022.5
13350,90799.766
13351,2467595.5
13352,294999.8
13353,2057393.4
13354,70271.58
13355,1133888.4
13356,640148.8
13357,1241836.0
13358,365158.0
13359,783925.7
13360,234809.45
13361,2872591.5
13362,2535951.5
13363,905282.25
13364,690304.8
13365,784606.25
13366,948938.9
13367,1610890.8
13368,934689.44
13369,1404259.8
13370,1622918.2
13371,836567.44
13372,1206738.0
13373,734192.06
13374,588790.94
13375,1160964.1
13376,661484.94
13377,666747.2
13378,124003.95
13379,1943636.1
13380,592035.0
13381,513230.7
13382,496735.94
13383,260917.95
13384,1766277.0
13385,466312.2
13386,632386.9
13387,229396.95
13388,2213710.2
13389,1192467.9
13390,1167890.8
13391,142596.33
13392,412062.94
13393,2545709.0
13394,1713377.2
13395,229306.08
13396,760088.94
13397,1082332.5
13398,1651141.8
13399,1407157.9
13400,1649817.2
13401,1052663.9
13402,793204.75
13403,245874.08
13404,1036728.4
13405,1212951.0
13406,259643.7
13407,1212216.0
13408,830875.9
13409,2444067.0
13410,1157599.5
13411,826787.0
13412,413481.0
13413,582763.94
13414,357510.12
13415,442652.7
13416,561119.2
13417,552141.1
13418,1127485.1
13419,721564.25
13420,974248.6
13421,494595.8
13422,302569.2
13423,2282849.2
13424,1186182.9
13425,480342.44
13426,1755548.9
13427,2287524.5
13428,3244418.5
13429,1555907.2
13430,1173109.1
13431,305944.94
13432,933568.8
13433,309511.88
13434,893848.8
13435,363950.62
13436,667360.1
13437,246250.33
13438,616302.1
13439,1964126.4
13440,1039990.5
13441,775079.2
13442,1098644.0
13443,698627.0
13444,736956.75
13445,1117978.5
13446,546103.3
13447,1813720.6
13448,343789.44
13449,964951.0
13450,724068.06
13451,203987.2
13452,1600600.8
13453,1891822.4
13454,1675452.4
13455,931537.0
13456,2599457.0
13457,1127615.0
13458,180494.2
13459,832576.94
13460,1786378.8
13461,988543.7
13462,945846.1
13463,670868.56
13464,75791.39
13465,436676.88
13466,406436.5
13467,423047.38
13468,367799.2
13469,657191.2
13470,89925.33
13471,2365574.0
13472,411160.62
13473,1598618.6
13474,230585.39
13475,677375.4
13476,2636224.8
13477,549792.8
13478,1135868.4
13479,1143265.0
13480,1245250.8
13481,352647.88
13482,476301.12
13483,2167674.5
13484,1416286.4
13485,546839.25
13486,1749714.0
13487,2599404.2
13488,1184232.2
13489,559177.7
13490,779692.0
13491,450461.88
13492,130621.016
13493,595781.06
13494,4680509.0
13495,910227.1
13496,863549.0
13497,714753.44
13498,953453.0
13499,864216.7
13500,872274.06
13501,226958.02
13502,218079.77
13503,807966.06
13504,1061499.8
13505,772661.94
13506,1820326.6
13507,2187921.8
13508,1321380.4
13509,423848.12
13510,989951.25
13511,786929.2
13512,991509.2
13513,948421.4
13514,1874774.0
13515,2860421.8
13516,1930113.1
13517,282536.2
13518,1006094.75
13519,2219691.8
13520,1688176.0
13521,1042019.44
13522,196911.08
13523,385098.5
13524,1401602.2
13525,1758976.4
13526,1054686.0
13527,284443.7
13528,704491.4
13529,1687308.1
13530,434298.06
13531,1635755.0
13532,1032495.56
13533,394963.5
13534,536365.4
13535,837047.25
13536,167008.58
13537,1134949.2
13538,1075010.8
13539,396376.8
13540,1568874.2
13541,899907.06
13542,331201.44
13543,601692.7
13544,1805243.5
13545,1607104.5
13546,947111.2
13547,457137.94
13548,633968.2
13549,1435579.2
13550,825616.7
13551,481091.5
13552,2242610.8
13553,945398.5
13554,1050966.8
13555,714140.44
13556,719873.4
13557,266557.5
13558,1758080.9
13559,340605.7
13560,1570909.1
13561,443703.38
13562,296118.2
13563,1562116.1
13564,1733979.1
13565,1419040.5
13566,916414.3
13567,681014.6
13568,656623.7
13569,726990.7
13570,1015469.94
13571,1479131.2
13572,2696704.8
13573,1564025.4
13574,260927.39
13575,1395410.6
13576,392242.56
13577,715968.8
13578,362543.62
13579,569930.4
13580,55762.516
13581,293365.12
13582,424068.12
13583,716719.7
13584,149586.2
13585,1064607.1
13586,499170.75
13587,985437.2
13588,1623585.9
13589,1103661.9
13590,1036205.4
13591,655853.3
13592,1055464.2
13593,665427.7
13594,1695637.5
13595,1082845.0
13596,1113376.0
13597,835139.25
13598,548095.4
13599,699009.56
13600,303375.7
13601,271582.88
13602,1025893.5
13603,716433.06
13604,1405324.1
13605,917682.1
13606,1007172.9
13607,603348.7
13608,1295175.6
13609,1361606.1
13610,945563.1
13611,850188.94
13612,836370.7
13613,433345.12
13614,2156943.5
13615,1974797.2
13616,2323337.5
13617,1115199.5
13618,601005.0
13619,89816.516
13620,435837.5
13621,2189058.2
13622,849961.5
13623,1690845.9
13624,450219.94
13625,955559.44
13626,1027131.2
13627,618401.2
13628,3885747.2
13629,1997425.4
13630,724794.56
13631,826282.8
13632,368456.62
13633,1695354.9
13634,1063699.9
13635,154188.95
13636,2491880.5
13637,743266.0
13638,2082057.2
13639,1836244.8
13640,452634.5
13641,1389461.0
13642,151158.89
13643,330869.8
13644,2041012.4
13645,1504595.2
13646,2668688.8
13647,925309.1
13648,673000.25
13649,586073.06
13650,392191.8
13651,310027.44
13652,1407347.8
13653,2034743.2
13654,3270502.5
13655,2130919.0
13656,760714.25
13657,368907.94
13658,247650.83
13659,2821614.2
13660,238275.39
13661,114839.14
13662,2771353.8
13663,962943.2
13664,974847.56
13665,1245329.2
13666,684961.25
13667,996999.56
13668,885878.5
13669,147446.2
13670,1409656.0
13671,1054007.5
13672,1600275.1
13673,686617.1
13674,1683164.6
13675,2783607.2
13676,2407887.2
13677,253185.39
13678,264377.06
13679,888719.0
13680,1834322.8
13681,146971.27
13682,524522.5
13683,479315.44
13684,369953.38
13685,1369282.1
13686,2081519.9
13687,1447491.0
13688,2277697.8
13689,1401423.4
13690,517805.5
13691,294204.94
13692,1112410.6
13693,1118970.8
13694,1819945.5
13695,378585.56
13696,827907.6
13697,894704.75
13698,1856626.1
13699,1536722.8
13700,694038.4
13701,999231.25
13702,1692314.2
13703,641093.0
13704,219139.52
13705,897442.25
13706,595224.3
13707,1569730.1
13708,451716.12
13709,2367492.0
13710,1541661.5
13711,576221.9
13712,1891589.2
13713,1764294.1
13714,919465.94
13715,297321.3
13716,134821.83
13717,2097203.2
13718,629210.9
13719,538052.6
13720,1204733.9
13721,915175.8
13722,1957153.4
13723,671424.5
13724,69333.33
13725,695449.5
13726,1311186.1
13727,276311.62
13728,361736.75
13729,536862.9
13730,1458275.8
13731,667135.25
13732,535274.75
13733,3244896.5
13734,184940.89
13735,1466996.6
13736,2116550.5
13737,1258750.8
13738,594872.8
13739,112666.766
13740,21055.64
13741,4501326.5
13742,1194161.6
13743,1700193.1
13744,560470.56
13745,1524502.8
13746,981693.06
13747,123118.016
13748,1250314.0
13749,1740498.8
13750,48671.39
13751,266303.12
13752,402019.06
13753,310840.5
13754,930777.9
13755,851790.0
13756,154767.95
13757,467707.62
13758,1228879.6
13759,372197.25
13760,533863.06
13761,855428.2
13762,947451.4
13763,387829.8
13764,435914.44
13765,2185203.2
13766,324221.8
13767,625848.3
13768,1029414.8
13769,1202211.2
13770,1175319.6
13771,367813.2
13772,967888.7
13773,1058173.5
13774,497212.62
13775,177015.52
13776,3137829.2
13777,325601.7
13778,1903490.1
13779,1561010.2
13780,713120.25
13781,2896421.5
13782,2268807.0
13783,721431.9
13784,998411.2
13785,99571.2
13786,743830.56
13787,512671.88
13788,332719.8
13789,3188766.5
13790,4681789.0
13791,940174.56
13792,646874.3
13793,1096372.4
13794,1561844.9
13795,154876.14
13796,716807.1
13797,241166.08
13798,806021.3
13799,1435803.5
13800,1113245.9
13801,2696570.0
13802,1118559.1
13803,689035.9
13804,246011.14
13805,435447.38
13806,1331852.8
13807,549969.1
13808,657508.2
13809,911547.44
13810,1123835.4
13811,994490.6
13812,195370.7
13813,1110661.8
13814,1617908.1
13815,1703849.2
13816,1053898.1
13817,916193.8
13818,441434.7
13819,1434615.0
13820,1467035.6
13821,342877.94
13822,906079.0
13823,1316569.4
13824,47094.14
13825,554938.5
13826,317270.38
13827,146184.2
13828,689392.5
13829,517291.3
13830,1738557.5
13831,878893.8
13832,433565.56
13833,502133.0
13834,666436.44
13835,1116797.0
13836,2123222.0
13837,1615339.4
13838,650035.3
13839,592859.06
13840,108912.516
13841,795802.25
13842,82882.58
13843,575209.7
13844,1789947.9
13845,2547216.2
13846,2787771.2
13847,1330016.6
13848,644490.6
13849,590975.6
13850,612951.1
13851,194185.39
13852,1700621.6
13853,636365.5
13854,2347806.5
13855,846709.5
13856,2260699.0
13857,2662848.5
13858,322706.12
13859,1483146.6
13860,92324.516
13861,1522587.4
13862,2771512.2
13863,3026075.0
13864,781523.6
13865,937120.4
13866,1402962.9
13867,470508.62
13868,665096.4
13869,634561.9
13870,1795930.5
13871,435040.0
13872,747097.9
13873,325535.38
13874,453411.38
13875,1128610.2
13876,339767.38
13877,397074.3
13878,1038658.56
13879,690442.6
13880,565066.8
13881,1472160.9
13882,629882.75
13883,253923.33
13884,2012075.1
13885,1669175.5
13886,2026791.1
13887,391727.56
13888,898369.8
13889,285170.0
13890,2330945.2
13891,182848.2
13892,672292.0
13893,1493516.5
13894,744300.94
13895,396954.44
13896,2059444.2
13897,1616421.6
13898,2006160.9
13899,955427.4
13900,249476.02
13901,1625984.4
13902,427084.94
13903,421147.7
13904,555562.6
13905,582474.8
13906,1830942.2
13907,2386842.8
13908,533500.06
13909,701333.75
13910,1090562.1
13911,426339.06
13912,308662.56
13913,192241.33
13914,717387.3
13915,422137.2
13916,613915.25
13917,745521.44
13918,225429.2
13919,228035.14
13920,1360006.8
13921,294350.62
13922,1206022.1
13923,408706.75
13924,711109.6
13925,1159307.4
13926,1883557.2
13927,384226.75
13928,769114.06
13929,318846.5
13930,2629207.8
13931,1737739.6
13932,229042.45
13933,2474801.0
13934,1128093.0
13935,1358834.5
13936,299883.88
13937,913554.8
13938,1061026.5
13939,643820.5
13940,596121.56
13941,309337.56
13942,352002.75
13943,318330.3
13944,1094894.0
13945,140008.7
13946,1008946.9
13947,513984.3
13948,1662708.5
13949,1276091.5
13950,2231375.0
13951,795080.5
13952,285851.38
13953,640310.6
13954,653985.94
13955,902089.1
13956,507490.5
13957,499510.3
13958,295362.44
13959,2040437.2
13960,605879.9
13961,145596.02
13962,977942.25
13963,860945.1
13964,1418723.0
13965,656320.4
13966,2025953.6
13967,321277.56
13968,4959488.0
13969,1344023.5
13970,405770.62
13971,2066282.5
13972,3794700.5
13973,368921.06
13974,273767.7
13975,59310.83
13976,1795473.5
13977,827582.6
13978,2174115.2
13979,735779.75
13980,1093169.5
13981,388019.25
13982,1570151.2
13983,671493.5
13984,736604.94
13985,1321938.6
13986,467742.06
13987,419476.75
13988,1795708.6
13989,388235.5
13990,1217478.2
13991,1545547.6
13992,1038767.5
13993,1719524.2
13994,639408.3
13995,573776.56
13996,1703391.4
13997,1874812.2
13998,262521.75
13999,1562672.2
14000,545276.5
14001,902251.9
14002,1935794.5
14003,2234418.5
14004,1170587.4
14005,591172.1
14006,801966.56
14007,2155854.0
14008,963502.1
14009,538523.06
14010,2056579.5
14011,491720.25
14012,332752.0
14013,831355.25
14014,1146752.4
14015,1140465.8
14016,1841370.1
14017,468081.7
14018,3600529.2
14019,1265407.1
14020,850187.4
14021,2797154.2
14022,686606.2
14023,1321374.1
14024,1645792.5
14025,527572.3
14026,1148282.0
14027,1326840.2
14028,1778406.4
14029,2029517.9
14030,3001162.5
14031,1456996.4
14032,357367.3
14033,642955.3
14034,345083.3
14035,899872.0
14036,590678.2
14037,1433902.0
14038,620182.9
14039,400738.38
14040,532636.25
14041,1055538.9
14042,3332373.5
14043,834666.94
14044,409767.2
14045,3500197.5
14046,663047.1
14047,1203645.0
14048,527866.9
14049,1298784.5
14050,729227.7
14051,558873.1
14052,633678.6
14053,416001.12
14054,2973305.8
14055,409748.7
14056,1287790.8
14057,539574.56
14058,1085094.1
14059,944338.56
14060,865142.9
14061,1827656.5
14062,450756.88
14063,2466626.2
14064,489572.75
14065,3079165.2
14066,2216796.0
14067,910526.56
14068,1125199.5
14069,1380829.4
14070,955328.25
14071,278800.06
14072,550752.1
14073,434365.7
14074,1878829.9
14075,567603.3
14076,942040.75
14077,181779.39
14078,2442295.8
14079,2678827.8
14080,916616.1
14081,339511.06
14082,394413.8
14083,3259236.5
14084,1344009.9
14085,2679301.5
14086,804951.1
14087,2830755.8
14088,1633338.6
14089,394555.75
14090,980507.0
14091,63893.016
14092,1036021.0
14093,927213.1
14094,2590396.0
14095,1322939.1
14096,2698263.2
14097,613611.94
14098,774524.1
14099,707500.0
14100,1807948.9
14101,1119578.8
14102,2895637.0
14103,1157855.5
14104,800381.9
14105,831003.2
14106,839678.4
14107,694159.56
14108,3404352.8
14109,1092300.2
14110,1829907.8
14111,2785063.2
14112,829398.9
14113,1116724.9
14114,944669.8
14115,1165294.8
14116,1255915.9
14117,556312.1
14118,871956.6
14119,744497.4
14120,733190.1
14121,264273.25
14122,89680.266
14123,1090259.5
14124,1653907.0
14125,820787.6
14126,289634.0
14127,343372.94
14128,3075152.2
14129,539100.56
14130,1688178.9
14131,1726607.1
14132,68148.7
14133,651830.06
14134,778341.56
14135,680715.5
14136,975390.25
14137,468265.5
14138,444384.06
14139,2883139.2
14140,1100773.1
14141,1432925.2
14142,1984584.9
14143,1981448.9
14144,1509963.8
14145,4295495.0
14146,799298.9
14147,920812.0
14148,1385260.8
14149,3618917.0
14150,285155.2
14151,257052.2
14152,1163561.6
14153,855496.4
14154,1058057.1
14155,1200766.1
14156,747246.44
14157,453765.7
14158,1322400.8
14159,750446.25
14160,383160.8
14161,452406.94
14162,1145833.8
14163,1282136.0
14164,344814.8
14165,569693.4
14166,860352.3
14167,1477343.8
14168,709397.8
14169,1941343.1
14170,394888.12
14171,1575064.4
14172,1259920.9
14173,979634.56
14174,600409.94
14175,912945.0
14176,753847.75
14177,480837.56
14178,1773062.6
14179,1044715.3
14180,482248.06
14181,2002608.1
14182,2325843.5
14183,3222725.0
14184,1471471.2
14185,46848.016
14186,427240.0
14187,520848.3
14188,3710438.5
14189,2119636.0
14190,1022027.9
14191,1153717.6
14192,1657214.0
14193,993574.94
14194,703488.75
14195,2119727.0
14196,492138.12
14197,998472.0
14198,1427429.1
14199,859021.94
14200,3117608.2
14201,1239116.5
14202,2142625.2
14203,2632591.2
14204,669698.06
14205,788759.94
14206,502951.0
14207,1023460.7
14208,876611.5
14209,1902074.1
14210,123458.58
14211,82079.45
14212,417919.44
14213,664540.06
14214,301353.06
14215,1637542.0
14216,54959.953
14217,98589.08
14218,213667.45
14219,947012.3
14220,1793854.4
14221,878266.6
14222,921376.4
14223,1990761.6
14224,527302.3
14225,1410082.6
14226,833536.06
14227,2181872.2
14228,332333.75
14229,1705831.2
14230,345449.44
14231,1670152.8
14232,928246.75
14233,643536.9
14234,958600.94
14235,815536.44
14236,395856.94
14237,1481409.0
14238,758319.75
14239,1688704.8
14240,750138.06
14241,393199.12
14242,370422.25
14243,1004028.75
14244,426683.12
14245,1056988.5
14246,869555.6
14247,2707469.5
14248,1685322.0
14249,1415375.1
14250,621837.5
14251,368857.38
14252,364311.62
14253,838626.6
14254,602655.6
14255,1012481.9
14256,1539731.6
14257,873081.8
14258,1643797.2
14259,1040284.94
14260,437516.0
14261,1574270.0
14262,931791.1
14263,1659052.6
14264,836884.1
14265,639620.4
14266,-41108.86
14267,785696.8
14268,397075.7
14269,764661.4
14270,1178416.1
14271,2154642.0
14272,2001546.9
14273,1927048.6
14274,984661.3
14275,1460344.1
14276,1579423.9
14277,457202.94
14278,1324845.9
14279,1057316.5
14280,1598998.4
14281,4605257.5
14282,1388121.2
14283,2455988.5
14284,1529959.8
14285,1341691.0
14286,1123830.8
14287,584518.0
14288,2480826.0
14289,1560179.1
14290,1572753.8
14291,2007775.0
14292,1451581.1
14293,1352846.1
14294,1241531.1
14295,787060.06
14296,1109852.5
14297,2481063.0
14298,871573.75
14299,1483848.2
14300,714989.25
14301,712018.2
14302,1182180.2
14303,1776154.5
14304,2387304.0
14305,898975.44
14306,2144533.0
14307,2778234.0
14308,2905639.2
14309,827357.44
14310,1564496.5
14311,1037861.4
14312,1008938.5
14313,1114935.4
14314,4387810.0
14315,1628704.8
14316,777083.06
14317,585053.56
14318,684034.7
14319,2714229.5
14320,1790768.5
14321,717478.94
14322,1002960.7
14323,668153.56
14324,339823.25
14325,1712506.4
14326,1413848.1
14327,681656.9
14328,109610.516
14329,375756.0
14330,1342801.4
14331,1111287.8
14332,507441.0
14333,981740.3
14334,1539602.1
14335,1101650.8
14336,591935.56
14337,190717.77
14338,241697.39
14339,222480.02
14340,414044.62
14341,1754439.2
14342,626705.1
14343,592662.3
14344,942060.56
14345,323806.88
14346,129840.516
14347,572612.06
14348,364529.88
14349,1088840.1
14350,207581.7
14351,2386955.2
14352,597718.56
14353,744579.5
14354,367227.8
14355,1037327.5
14356,1356835.9
14357,642724.1
14358,441971.8
14359,1150798.2
14360,1728493.8
14361,1511806.2
14362,589258.75
14363,1626588.2
14364,2018227.6
14365,515184.3
14366,119126.39
14367,648045.44
14368,3684637.0
14369,683511.25
14370,1397649.9
14371,841143.56
14372,109198.45
14373,284898.88
14374,349290.0
14375,1757742.6
14376,509382.44
14377,3244866.2
14378,53785.016
14379,413324.5
14380,704212.7
14381,568770.25
14382,1436597.2
14383,1727265.6
14384,401135.44
14385,461749.0
14386,1680182.1
14387,543329.94
14388,2048568.2
14389,4712951.0
14390,1510965.0
14391,1367759.8
14392,77481.83
14393,2143232.2
14394,526047.7
14395,4227965.0
14396,2418206.5
14397,1061599.2
14398,331575.7
14399,397139.44
14400,310651.56
14401,1102580.8
14402,939810.3
14403,1018800.2
14404,2519490.8
14405,692909.2
14406,939958.8
14407,637824.56
14408,286238.7
14409,987387.4
14410,427015.12
14411,1883975.6
14412,1308577.1
14413,2039304.2
14414,1220388.5
14415,2254640.5
14416,796080.7
14417,834131.7
14418,1053363.1
14419,733639.6
14420,101485.08
14421,582586.6
14422,390139.38
14423,364983.5
14424,964528.7
14425,1056479.5
14426,1397453.2
14427,1259569.0
14428,767565.5
14429,929127.06
14430,1577688.0
14431,1625111.0
14432,1041815.25
14433,1416254.8
14434,1673544.6
14435,258795.39
14436,1299047.9
14437,1316274.5
14438,3071487.5
14439,359779.0
14440,2754685.8
14441,2247645.2
14442,2413991.0
14443,1175579.9
14444,3690221.2
14445,636407.0
14446,164577.45
14447,306675.75
14448,692454.44
14449,937428.75
14450,1385027.5
14451,1503457.0
14452,2963665.5
14453,623172.9
14454,232811.95
14455,154449.39
14456,873900.2
14457,894640.44
14458,427992.7
14459,268821.3
14460,601986.1
14461,553333.25
14462,1685364.0
14463,1231438.9
14464,451776.44
14465,3772816.5
14466,120467.33
14467,1369161.6
14468,1023317.9
14469,2017544.5
14470,928181.2
14471,1724415.5
14472,1165033.4
14473,294423.56
14474,560743.8
14475,1416208.4
14476,204058.14
14477,1762199.0
14478,857120.56
14479,74169.2
14480,442994.25
14481,1685861.2
14482,960103.9
14483,361289.94
14484,2805884.2
14485,433238.75
14486,404484.2
14487,1298013.8
14488,1127341.1
14489,148177.89
14490,180780.2
14491,781224.4
14492,315792.8
14493,1402114.6
14494,2775455.8
14495,406350.7
14496,183206.39
14497,598931.56
14498,895727.6
14499,243596.64
14500,2587453.2
14501,1073921.1
14502,699628.4
14503,1081537.6
14504,285250.94
14505,686101.94
14506,1154253.0
14507,183380.64
14508,644266.75
14509,2191527.5
14510,953364.6
14511,2708603.5
14512,1554538.4
14513,1824348.0
14514,940563.8
14515,825063.3
14516,684846.2
14517,1006670.56
14518,622358.25
14519,1547788.6
14520,181408.64
14521,494803.3
14522,1085811.8
14523,224999.02
14524,415320.8
14525,1093566.1
14526,1898486.4
14527,771720.4
14528,373727.62
14529,270433.62
14530,1686263.8
14531,736833.25
14532,1098948.8
14533,377345.62
14534,570634.2
14535,1759807.4
14536,1847294.6
14537,450343.25
14538,811179.9
14539,439754.25
14540,660761.56
14541,795874.5
14542,989991.8
14543,324825.25
14544,331410.75
14545,690128.25
14546,810192.94
14547,1942518.1
14548,744897.0
14549,982184.8
14550,1918163.6
14551,218141.95
14552,844231.06
14553,513140.38
14554,3278075.5
14555,2088874.4
14556,2477180.5
14557,958113.4
14558,930905.25
14559,715323.9
14560,268952.7
14561,444202.8
14562,647847.44
14563,697613.94
14564,569599.9
14565,39268.766
14566,402500.25
14567,2368132.2
14568,1597389.5
14569,352073.44
14570,1055839.1
14571,364359.25
14572,916209.44
14573,1199590.1
14574,1021872.75
14575,892174.8
14576,2605833.5
14577,1215518.1
14578,1081270.6
14579,653220.44
14580,1878394.8
14581,689203.06
14582,410782.75
14583,1209169.2
14584,124048.58
14585,1681460.2
14586,286769.06
14587,627626.2
14588,1705761.1
14589,702973.25
14590,752130.94
14591,1159436.1
14592,505269.06
14593,729518.6
14594,2476273.2
14595,888955.3
14596,408402.2
14597,692577.0
14598,342722.0
14599,1256817.1
14600,763650.44
14601,1343760.2
14602,428989.2
14603,955143.2
14604,1787549.2
14605,88255.016
14606,475293.0
14607,1374967.9
14608,408647.62
14609,945538.1
14610,649784.75
14611,1174003.5
14612,1753409.4
14613,943764.0
14614,368273.7
14615,1257297.4
14616,563349.0
14617,542128.0
14618,1771239.5
14619,541904.0
14620,832089.94
14621,658653.94
14622,1587174.4
14623,869791.25
14624,1244691.2
14625,854171.7
14626,1369165.6
14627,513937.0
14628,81402.64
14629,2658050.2
14630,116103.95
14631,1746857.4
14632,639767.6
14633,2029779.8
14634,443902.94
14635,423449.44
14636,314285.2
14637,1009817.1
14638,414797.2
14639,1445025.8
14640,964611.25
14641,1657375.9
14642,743129.44
14643,1136041.1
14644,1990241.1
14645,390186.44
14646,275318.8
14647,1462672.6
14648,408164.75
14649,1203206.1
14650,1509116.6
14651,683238.0
14652,149347.33
14653,1719775.4
14654,2637819.8
14655,211086.77
14656,1337476.4
14657,1104660.8
14658,1008747.9
14659,257434.89
14660,48687.64
14661,3386808.2
14662,119604.08
14663,307221.06
14664,2498243.8
14665,256118.45
14666,525471.4
14667,333584.44
14668,1025717.2
14669,1068609.8
14670,1503641.5
14671,896998.56
14672,1159184.8
14673,1855958.5
14674,2172604.0
14675,695586.2
14676,2670051.8
14677,1393573.5
14678,742826.6
14679,725956.25
14680,1386245.9
14681,754708.06
14682,653207.2
14683,1391083.4
14684,2423131.0
14685,1439195.1
14686,1321029.2
14687,1875600.4
14688,867401.8
14689,2120258.5
14690,314419.06
14691,479524.5
14692,215264.33
14693,573197.94
14694,679375.0
14695,316251.94
14696,368185.5
14697,747086.94
14698,684089.5
14699,1194543.0
14700,2459965.2
14701,564068.56
14702,1166300.2
14703,1180666.9
14704,1436589.5
14705,639345.25
14706,2021682.5
14707,1032032.4
14708,381330.38
14709,1773378.0
14710,521077.44
14711,3396883.2
14712,416043.8
14713,1688652.9
14714,946964.94
14715,160147.45
14716,453797.2
14717,1112529.5
14718,1861723.4
14719,837987.25
14720,1712348.8
14721,869986.3
14722,2193845.8
14723,1794521.1
14724,2595980.2
14725,996988.06
14726,1078205.1
14727,969868.1
14728,457685.12
14729,1152816.8
14730,1269988.6
14731,1319966.8
14732,1263086.8
14733,822401.8
14734,1171605.1
14735,1503382.8
14736,581364.25
14737,2253654.8
14738,1024665.5
14739,1876069.4
14740,256967.45
14741,2301624.2
14742,1200156.0
14743,949690.5
14744,219098.33
14745,548611.9
14746,382176.56
14747,1131049.0
14748,725065.75
14749,542373.2
14750,777679.44
14751,56112.516
14752,438633.88
14753,1346813.8
14754,427223.25
14755,1990413.1
14756,1742978.5
14757,102312.2
14758,298762.94
14759,3541720.5
14760,1083627.5
14761,1637792.1
14762,361402.12
14763,1788227.4
14764,825657.8
14765,643036.0
14766,536830.3
14767,654380.8
14768,644855.56
14769,658594.9
14770,465196.7
14771,886417.8
14772,284353.0
14773,427301.3
14774,456895.25
14775,1552644.6
14776,446490.12
14777,95039.516
14778,1412565.2
14779,1659834.9
14780,2187997.8
14781,617989.75
14782,624106.5
14783,1956175.5
14784,1105332.6
14785,288936.44
14786,358819.7
14787,363449.7
14788,641418.94
14789,1165311.2
14790,1747075.4
14791,169573.64
14792,1818139.9
14793,2456968.8
14794,1470684.9
14795,902397.6
14796,1254031.1
14797,599712.94
14798,556610.44
14799,863741.56
14800,642023.1
14801,33576.266
14802,519407.12
14803,1638251.9
14804,524490.7
14805,221603.83
14806,1084389.6
14807,1250777.9
14808,1436674.5
14809,652167.1
14810,1647737.4
14811,309143.12
14812,1058213.4
14813,2414502.0
14814,2751181.5
14815,619145.4
14816,655257.44
14817,506233.2
14818,3396014.5
14819,1756919.1
14820,2685229.8
14821,702869.3
14822,656050.0
14823,445482.88
14824,199195.7
14825,402789.12
14826,1042859.1
14827,2790246.8
14828,1051541.5
14829,886851.7
14830,935511.5
14831,977246.1
14832,692411.9
14833,804125.9
14834,494746.25
14835,461883.3
14836,817430.4
14837,1150595.8
14838,1088747.4
14839,1394471.5
14840,1221545.2
14841,562933.44
14842,1465899.5
14843,989004.44
14844,803440.5
14845,1861545.0
14846,1582238.8
14847,1425104.2
14848,3753031.0
14849,335686.7
14850,1413071.4
14851,867034.25
14852,2451006.2
14853,684584.75
14854,1339992.8
14855,1450630.5
14856,359142.7
14857,771991.8
14858,910028.44
14859,568582.1
14860,474105.3
14861,1901854.2
14862,353576.25
14863,1274305.0
14864,706824.8
14865,258975.08
14866,677532.0
14867,1340803.4
14868,898553.5
14869,840562.75
14870,346159.44
14871,176387.39
14872,1491078.5
14873,1028817.44
14874,243900.64
14875,230051.58
14876,708747.2
14877,492712.3
14878,709250.25
14879,682474.06
14880,433833.38
14881,2372995.2
14882,746379.7
14883,187159.7
14884,229538.58
14885,220666.08
14886,826332.2
14887,2751871.0
14888,573221.56
14889,1672023.9
14890,572997.3
14891,1752735.4
14892,883588.9
14893,398854.88
14894,490426.56
14895,668986.25
14896,718068.1
14897,851169.3
14898,592599.7
14899,956933.75
14900,484457.06
14901,187149.83
14902,349385.06
14903,1091447.8
14904,615149.44
14905,106786.016
14906,774636.9
14907,451378.56
14908,337982.7
14909,1330257.9
14910,1332468.6
14911,639182.8
14912,1543970.8
14913,957377.9
14914,1124102.6
14915,1166357.2
14916,369137.12
14917,429862.5
14918,684885.7
14919,381023.62
14920,342587.8
14921,661128.3
14922,2701150.2
14923,795315.5
14924,3698977.5
14925,2061130.8
14926,592214.7
14927,2472274.8
14928,13090.64
14929,1763257.8
14930,3526890.8
14931,800253.75
14932,1278566.0
14933,566661.94
14934,2128043.0
14935,159826.39
14936,618026.4
14937,802519.0
14938,1593624.8
14939,1585146.4
14940,949137.75
14941,1638637.0
14942,1529233.1
14943,1060416.0
14944,347705.56
14945,1699218.2
14946,571792.1
14947,343377.44
14948,500413.25
14949,726951.2
14950,445815.88
14951,1128229.6
14952,964287.6
14953,2475598.0
14954,299153.38
14955,855950.75
14956,438247.12
14957,645879.7
14958,533593.4
14959,1596841.6
14960,1641109.1
14961,1517682.0
14962,1149574.6
14963,621636.1
14964,1578990.1
14965,1668268.9
14966,403727.94
14967,268329.25
14968,1553443.1
14969,203951.95
14970,406162.3
14971,1023383.9
14972,266239.94
14973,1384834.8
14974,876417.3
14975,1091667.0
14976,383036.12
14977,2285101.5
14978,1018197.3
14979,2650761.5
14980,1032083.3
14981,2706015.0
14982,1352875.8
14983,2094902.8
14984,1038574.1
14985,1036715.06
14986,424973.06
14987,372104.7
14988,286851.0
14989,5306708.0
14990,1552048.8
14991,318650.06
14992,1078577.0
14993,1746741.8
14994,823328.3
14995,919511.8
14996,1109763.5
14997,1244282.8
14998,292960.94
14999,1516444.8
15000,1868084.2
15001,2026248.0
15002,237184.33
15003,1077318.9
15004,713794.3
15005,708895.1
15006,1847412.6
15007,830438.6
15008,431834.25
15009,803805.25
15010,426482.88
15011,1219371.5
15012,2112477.0
15013,493787.62
15014,335445.5
15015,100359.95
15016,737613.75
15017,325663.06
15018,961583.75
15019,3349636.5
15020,1999529.2
15021,1277724.4
15022,1962845.5
15023,475762.12
15024,1146855.2
15025,1915289.8
15026,634116.0
15027,80530.016
15028,1521717.5
15029,265770.5
15030,1147618.8
15031,2315471.5
15032,1215003.6
15033,287815.0
15034,1095185.9
15035,933474.75
15036,1917924.8
15037,1726390.4
15038,943429.7
15039,204742.33
15040,746192.8
15041,946421.0
15042,882629.1
15043,400339.94
15044,1002685.06
15045,845842.4
15046,2769296.0
15047,243999.95
15048,705026.8
15049,384235.75
15050,1421129.1
15051,634879.56
15052,176878.89
15053,128784.89
15054,683491.94
15055,733615.56
15056,761831.06
15057,272509.62
15058,1141403.2
15059,549470.94
15060,515096.62
15061,153316.08
15062,510094.0
15063,649277.6
15064,1473789.6
15065,366422.75
15066,945529.0
15067,2404625.5
15068,927355.9
15069,1827125.0
15070,1462528.1
15071,2402270.0
15072,1496890.2
15073,2036299.6
15074,36783.266
15075,1558931.1
15076,2968758.0
15077,1337142.2
15078,1950403.5
15079,2469452.8
15080,211757.14
15081,351496.88
15082,4097824.5
15083,2132620.0
15084,1421081.9
15085,1377498.9
15086,286424.44
15087,150137.08
15088,1724537.2
15089,1063746.4
15090,878800.25
15091,494582.62
15092,949163.44
15093,889499.75
15094,2604769.5
15095,394266.0
15096,1532052.2
15097,1113552.9
15098,691514.0
15099,928855.1
15100,472927.25
15101,442525.8
15102,550381.7
15103,710292.5
15104,1529173.6
15105,3763113.2
15106,111483.64
15107,670505.44
15108,1311404.1
15109,1449160.8
15110,672802.4
15111,847806.4
15112,523897.56
15113,1264930.8
15114,952145.56
15115,647219.2
15116,1120511.2
15117,823293.2
15118,1105664.9
15119,1098720.8
15120,394382.06
15121,2441805.0
15122,936910.5
15123,375190.56
15124,606875.56
15125,870324.25
15126,1029567.4
15127,921368.2
15128,569914.25
15129,835839.06
15130,1330368.9
15131,1015157.8
15132,828529.9
15133,1158250.2
15134,1201707.5
15135,666384.0
15136,823197.3
15137,860564.3
15138,1221736.2
15139,771025.2
15140,773673.0
15141,334809.56
15142,653515.56
15143,627450.44
15144,240941.89
15145,923880.44
15146,563231.1
15147,860786.06
15148,488298.94
15149,1756409.8
15150,1100652.1
15151,72978.14
15152,294973.0
15153,2137995.8
15154,595759.4
15155,455240.7
15156,891221.94
15157,400026.8
15158,2930686.8
15159,1048423.0
15160,792264.0
15161,952804.8
15162,2137303.8
15163,2712303.2
15164,613563.3
15165,2384358.2
15166,908927.4
15167,387442.25
15168,1478222.1
15169,231060.08
15170,1607443.8
15171,405618.5
15172,606693.3
15173,353727.44
15174,389934.2
15175,133989.83
15176,443608.38
15177,645755.75
15178,727033.2
15179,885869.8
15180,2120601.8
15181,943412.44
15182,142491.45
15183,882506.2
15184,953652.8
15185,1803518.2
15186,262191.3
15187,196329.14
15188,1621691.2
15189,257827.27
15190,944213.0
15191,1698294.4
15192,1453179.1
15193,124621.266
15194,2151572.5
15195,683351.8
15196,556616.8
15197,587333.75
15198,1088859.5
15199,476395.25
15200,1132933.4
15201,891055.5
15202,1243518.2
15203,385110.38
15204,469483.8
15205,466112.88
15206,256799.08
15207,-9541.36
15208,670315.9
15209,1660598.1
15210,770851.2
15211,134545.02
15212,2388005.8
15213,1755620.4
15214,4677542.0
15215,1085447.1
15216,609753.7
15217,1192241.5
15218,773739.3
15219,1047474.44
15220,404985.94
15221,1038317.8
15222,441883.7
15223,1060503.6
15224,1211233.2
15225,646996.94
15226,1654589.9
15227,1421691.2
15228,683019.06
15229,568708.6
15230,653620.25
15231,2660317.0
15232,768425.44
15233,733278.3
15234,645830.9
15235,631696.2
15236,1333346.8
15237,846774.6
15238,1158668.5
15239,222285.89
15240,254646.83
15241,1485162.6
15242,1837480.2
15243,535981.25
15244,1393876.0
15245,625196.7
15246,1596486.1
15247,2834449.0
15248,323399.7
15249,597793.9
15250,738977.2
15251,248797.39
15252,193417.77
15253,889975.0
15254,2028931.9
15255,1223356.6
15256,261941.2
15257,97298.39
15258,1054429.5
15259,3020327.0
15260,1548456.6
15261,1108070.5
15262,1095040.1
15263,596272.2
15264,301836.75
15265,601958.06
15266,3053381.5
15267,97511.2
15268,334290.44
15269,2153658.2
15270,254916.39
15271,907232.0
15272,242900.58
15273,484389.94
15274,1785980.8
15275,1728345.0
15276,940008.0
15277,960590.7
15278,332014.38
15279,1786789.0
15280,670632.75
15281,1443031.1
15282,2143025.8
15283,276222.88
15284,1152699.2
15285,1901077.1
15286,2136262.5
15287,906180.44
15288,739474.1
15289,320138.12
15290,602862.2
15291,665731.3
15292,2692930.8
15293,1672407.9
15294,366002.2
15295,121070.08
15296,1954645.9
15297,4108557.2
15298,1877683.6
15299,773193.56
15300,752929.7
15301,3718281.0
15302,338595.12
15303,855019.25
15304,174445.77
15305,1960997.1
15306,725497.2
15307,1015463.44
15308,748874.94
15309,1888239.1
15310,1149086.9
15311,1434688.5
15312,221697.77
15313,427161.56
15314,595640.4
15315,2298959.2
15316,523460.56
15317,1036330.4
15318,202154.52
15319,4328959.5
15320,232844.33
15321,393064.2
15322,442681.12
15323,1095732.9
15324,1707313.6
15325,372794.5
15326,659997.3
15327,504208.56
15328,1409600.8
15329,665487.9
15330,399517.12
15331,1224936.5
15332,1695138.8
15333,948168.1
15334,1688069.0
15335,365856.8
15336,1970329.8
15337,375078.25
15338,989854.25
15339,850338.94
15340,1051282.5
15341,907478.5
15342,611537.6
15343,578415.56
15344,1625110.8
15345,507486.2
15346,1336250.4
15347,1045895.75
15348,1163864.4
15349,2721500.5
15350,2159844.5
15351,1911665.8
15352,2159928.0
15353,1042472.94
15354,2170528.0
15355,837901.0
15356,1088784.6
15357,1273099.9
15358,176150.7
15359,1209153.2
15360,337415.62
15361,1853902.1
15362,160888.89
15363,2897363.0
15364,356987.88
15365,672573.94
15366,420547.12
15367,1193406.1
15368,454581.3
15369,618212.25
15370,1230367.1
15371,2719127.0
15372,903133.9
15373,1167285.4
15374,710332.6
15375,1409338.8
15376,2020848.4
15377,1410158.0
15378,2925166.0
15379,440163.12
15380,438356.3
15381,1167899.8
15382,802598.7
15383,536832.06
15384,1643421.6
15385,1067559.5
15386,1780364.9
15387,947044.25
15388,1059159.9
15389,2123191.8
15390,184994.02
15391,3103921.0
15392,2514320.5
15393,959260.4
15394,368056.7
15395,2070917.5
15396,1882513.2
15397,2593195.5
15398,690308.4
15399,694738.7
15400,638902.4
15401,1706515.9
15402,217770.77
15403,2217734.5
15404,919884.94
15405,1209579.1
15406,2168889.8
15407,1316635.8
15408,1160735.5
15409,634953.1
15410,1884456.5
15411,825086.1
15412,895609.25
15413,393830.3
15414,596599.44
15415,1771152.5
15416,1086140.6
15417,1229733.0
15418,335103.88
15419,2700221.2
15420,76983.2
15421,874206.9
15422,1495376.2
15423,879391.06
15424,620314.44
15425,69481.33
15426,752980.1
15427,1297231.6
15428,1267197.2
15429,1601517.1
15430,3037914.0
15431,207484.08
15432,203778.08
15433,921030.2
15434,331869.3
15435,2673488.0
15436,541890.5
15437,4729147.0
15438,659266.0
15439,876133.3
15440,2216853.8
15441,1057242.4
15442,732944.1
15443,627367.4
15444,464221.88
15445,686897.3
15446,341742.0
15447,944122.2
15448,954143.7
15449,1758644.9
15450,1368347.8
15451,2493061.8
15452,1232474.6
15453,658417.2
15454,474034.62
15455,1388670.8
15456,1857898.2
15457,876105.7
15458,730781.9
15459,232997.52
15460,1267416.1
15461,541777.94
15462,4327329.5
15463,1712254.6
15464,2599077.8
15465,3019991.2
15466,202470.7
15467,282658.2
15468,556900.1
15469,422096.62
15470,618652.94
15471,513537.06
15472,658384.0
15473,1322570.9
15474,377075.5
15475,300925.8
15476,1601865.6
15477,3026116.0
15478,671983.3
15479,637117.6
15480,155040.2
15481,1084371.4
15482,356211.5
15483,962389.0
15484,755073.6
15485,599049.94
15486,374065.06
15487,1121023.9
15488,299770.75
15489,1676205.6
15490,560711.94
15491,1947562.4
15492,365794.06
15493,2106420.2
15494,1880814.6
15495,755152.2
15496,429790.44
15497,1277105.6
15498,308364.5
15499,2033632.9
15500,1743726.2
15501,557050.0
15502,795803.1
15503,221266.52
15504,380819.0
15505,564041.8
15506,1638771.0
15507,1217142.5
15508,129458.95
15509,1425900.2
15510,1578517.1
15511,854654.8
15512,624182.0
15513,224940.95
15514,684911.4
15515,876637.6
15516,289262.2
15517,745602.3
15518,2848162.0
15519,2435164.8
15520,158801.27
15521,864790.44
15522,1478537.1
15523,720920.8
15524,561186.8
15525,1603431.0
15526,570157.06
15527,941597.2
15528,602711.94
15529,496802.3
15530,602903.9
15531,219875.33
15532,2523561.2
15533,951903.94
15534,329456.75
15535,839643.1
15536,1425975.1
15537,1178010.1
15538,809435.2
15539,2286203.8
15540,202675.39
15541,1106530.8
15542,230072.27
15543,735528.5
15544,1147136.0
15545,336024.38
15546,957175.75
15547,1523609.4
15548,427446.56
15549,1123588.4
15550,389213.0
15551,801451.5
15552,642493.94
15553,617806.6
15554,1312161.8
15555,666294.25
15556,531582.0
15557,2577461.5
15558,1131813.6
15559,884633.94
15560,565673.5
15561,1982901.0
15562,446620.25
15563,17607.64
15564,916534.5
15565,2386522.5
15566,838805.0
15567,1620218.1
15568,1178977.9
15569,613888.9
15570,2782149.0
15571,555873.7
15572,2147784.2
15573,937251.56
15574,1221482.8
15575,3027036.5
15576,2597255.2
15577,1740943.5
15578,797223.7
15579,1396629.5
15580,2104433.8
15581,1705741.2
15582,1553930.8
15583,1690628.0
15584,381445.75
15585,250778.83
15586,228810.39
15587,1568506.5
15588,1445407.4
15589,1207402.6
15590,2560781.0
15591,748299.5
15592,1339009.2
15593,1728215.6
15594,2963145.8
15595,1638687.2
15596,221211.08
15597,611476.6
15598,350370.56
15599,215114.83
15600,708055.25
15601,251353.58
15602,2288594.5
15603,184730.64
15604,1050685.1
15605,1963556.2
15606,1690090.6
15607,796653.44
15608,736797.25
15609,2524173.0
15610,885730.6
15611,343267.88
15612,703807.4
15613,1692848.4
15614,895554.8
15615,1954645.4
15616,160444.52
15617,842417.3
15618,4690786.0
15619,336836.38
15620,794941.0
15621,1473498.6
15622,627784.2
15623,769992.3
15624,455125.06
15625,1021124.6
15626,227715.14
15627,618484.2
15628,2334732.0
15629,459296.56
15630,1017618.3
15631,680626.94
15632,308910.8
15633,3034269.8
15634,508893.12
15635,595838.9
15636,2502136.2
15637,265762.38
15638,955238.5
15639,361555.2
15640,430352.56
15641,2733005.2
15642,1469915.2
15643,1322179.9
15644,268646.44
15645,960278.56
15646,547148.4
15647,1816148.4
15648,820027.2
15649,2208421.2
15650,929877.1
15651,1695822.0
15652,917100.9
15653,116044.64
15654,2026382.5
15655,1819348.9
15656,1415242.4
15657,1170218.2
15658,1426243.1
15659,959441.4
15660,1064278.2
15661,153404.64
15662,433438.12
15663,389143.94
15664,1343008.2
15665,1143891.6
15666,1806784.9
15667,223697.89
15668,218352.39
15669,513081.25
15670,487108.94
15671,2609824.5
15672,800116.25
15673,753759.1
15674,2058998.9
15675,2910708.0
15676,399008.8
15677,769449.56
15678,165446.14
15679,987166.3
15680,1321194.6
15681,1387816.6
15682,1231088.9
15683,857955.5
15684,381856.5
15685,2564592.0
15686,377218.38
15687,966132.06
15688,2156595.2
15689,296217.0
15690,153728.58
15691,1718406.4
15692,1917045.2
15693,1135328.9
15694,681468.2
15695,1145950.2
15696,3343693.2
15697,957686.5
15698,935358.56
15699,1832008.5
15700,1280011.6
15701,430518.88
15702,379904.8
15703,3211753.2
15704,942377.4
15705,1441754.1
15706,750946.44
15707,2828557.8
15708,623338.8
15709,2044989.2
15710,337939.5
15711,1033705.2
15712,492840.0
15713,352315.5
15714,1047832.4
15715,601083.56
15716,2100975.8
15717,345773.2
15718,1572572.1
15719,356368.8
15720,907118.94
15721,3545342.0
15722,771870.5
15723,553135.6
15724,743831.56
15725,1433618.5
15726,206880.52
15727,2600410.0
15728,1481791.0
15729,489956.0
15730,1176607.1
15731,1215966.8
15732,576933.94
15733,2370568.2
15734,760927.6
15735,631300.2
15736,1740141.1
15737,2407061.2
15738,721336.5
15739,1226112.9
15740,399757.0
15741,254764.27
15742,441056.25
15743,846515.6
15744,519756.25
15745,1244458.1
15746,816954.5
15747,4316878.5
15748,1253666.9
15749,658958.3
15750,655441.6
15751,762939.5
15752,2774925.0
15753,267611.5
15754,1887058.5
15755,297380.5
15756,1706080.6
15757,1175016.5
15758,739017.2
15759,255212.2
15760,831678.1
15761,1204632.2
15762,818270.44
15763,1861301.9
15764,2548652.5
15765,1374923.4
15766,437365.8
15767,1969730.0
15768,332727.75
15769,1454892.0
15770,945791.25
15771,2884219.0
15772,1935308.8
15773,823686.2
15774,902566.7
15775,947360.8
15776,979908.56
15777,582907.1
15778,1025935.8
15779,1152728.8
15780,1051284.1
15781,3856093.5
15782,1290100.1
15783,4877100.0
15784,3399471.2
15785,837683.2
15786,1302359.0
15787,1447910.6
15788,812120.06
15789,2483457.0
15790,984862.56
15791,286737.25
15792,970131.94
15793,1592515.9
15794,1628125.5
15795,4698181.5
15796,4711950.5
15797,1225704.0
15798,118499.7
15799,382028.38
15800,724231.4
15801,578863.56
15802,693497.4
15803,830777.3
15804,1258087.2
15805,1303667.9
15806,58667.516
15807,273202.44
15808,1163856.1
15809,1102388.5
15810,745827.06
15811,950389.9
15812,2506828.5
15813,744850.3
15814,594178.44
15815,580654.0
15816,1283256.2
15817,627343.8
15818,741544.2
15819,313614.0
15820,583660.94
15821,396289.56
15822,779404.5
15823,1714384.5
15824,655729.25
15825,374399.88
15826,298359.94
15827,3536420.8
15828,3428214.2
15829,771822.06
15830,930914.9
15831,362588.75
15832,954977.25
15833,1126257.6
15834,418353.62
15835,1386351.4
15836,521947.62
15837,3808755.2
15838,3304312.0
15839,452293.3
15840,1735291.5
15841,1706267.1
15842,1466655.8
15843,1162716.2
15844,1353948.2
15845,2494336.2
15846,2096350.1
15847,571175.8
15848,801380.7
15849,2058316.4
15850,524478.44
15851,481170.44
15852,344389.88
15853,1337233.6
15854,918370.75
15855,2270109.0
15856,1446889.1
15857,1004512.6
15858,286999.5
15859,135000.27
15860,1017251.75
15861,932432.1
15862,1337117.2
15863,1687304.4
15864,771251.9
15865,3556723.0
15866,2141332.2
15867,695103.7
15868,1230271.2
15869,785474.8
15870,115248.83
15871,781415.8
15872,1776011.0
15873,191090.7
15874,651040.56
15875,358990.94
15876,795457.9
15877,912170.9
15878,1722529.4
15879,1296681.5
15880,493134.8
15881,1736067.1
15882,545137.9
15883,400919.3
15884,3500706.8
15885,433031.8
15886,626648.7
15887,349866.25
15888,699094.8
15889,678785.7
15890,615031.0
15891,1639318.1
15892,657307.94
15893,818901.44
15894,614278.7
15895,733329.44
15896,1013689.5
15897,404723.25
15898,762455.4
15899,2101041.8
15900,677730.8
15901,1265938.0
15902,110653.016
15903,879324.25
15904,592641.06
15905,600781.56
15906,821694.94
15907,2691764.2
15908,910729.06
15909,2620132.0
15910,2661878.0
15911,732521.4
15912,1466552.0
15913,1812371.2
15914,1913555.8
15915,762089.44
15916,514163.62
15917,1623742.1
15918,343084.2
15919,678118.3
15920,555475.4
15921,902007.5
15922,2905827.5
15923,640430.06
15924,955549.2
15925,1087377.0
15926,1487286.5
15927,571906.2
15928,893069.75
15929,563761.06
15930,1881073.1
15931,843654.56
15932,1095416.9
15933,405564.25
15934,756091.06
15935,1235789.9
15936,328688.8
15937,292638.0
15938,610268.6
15939,2681015.5
15940,1334738.9
15941,1862316.2
15942,1252054.9
15943,774444.9
15944,118392.516
15945,424868.3
15946,1949688.6
15947,1698919.2
15948,1132838.1
15949,552086.0
15950,910187.94
15951,497077.5
15952,2499744.0
15953,448890.8
15954,2816635.2
15955,897864.44
15956,910416.6
15957,907974.7
15958,192828.2
15959,2216309.5
15960,1046719.9
15961,1387863.4
15962,1013856.7
15963,953208.56
15964,1639805.9
15965,1068879.6
15966,1176666.0
15967,142044.77
15968,903110.44
15969,835746.44
15970,99480.64
15971,2080576.1
15972,875773.2
15973,88180.08
15974,389558.0
15975,1826685.6
15976,1523711.4
15977,962855.6
15978,200634.77
15979,2475078.2
15980,811606.2
15981,788897.8
15982,529267.25
15983,1126147.5
15984,2309250.0
15985,648026.7
15986,2668909.5
15987,545714.8
15988,1100255.4
15989,188306.39
15990,2146140.0
15991,111052.45
15992,1760739.0
15993,1401112.9
15994,535627.7
15995,1254160.4
15996,1536724.0
15997,824503.1
15998,1602232.8
15999,2170550.8
16000,356245.2
16001,2622024.2
16002,1858103.4
16003,748219.1
16004,1387209.9
16005,460618.38
16006,903043.4
16007,796879.44
16008,844526.06
16009,729563.56
16010,433425.25
16011,830359.75
16012,1211505.5
16013,331492.5
16014,1750197.8
16015,401762.06
16016,1696549.2
16017,809969.6
16018,405097.75
16019,284992.94
16020,2102616.8
16021,2348364.8
16022,519547.94
16023,418543.2
16024,2249188.2
16025,958463.5
16026,527552.56
16027,366684.56
16028,2095054.0
16029,475701.38
16030,705070.56
16031,1051660.8
16032,2010943.2
16033,932312.9
16034,1117610.2
16035,344586.56
16036,1163307.2
16037,1593459.4
16038,236583.39
16039,1290258.4
16040,1773135.9
16041,854114.7
16042,434328.2
16043,1794716.5
16044,2538257.2
16045,1566903.4
16046,1518199.4
16047,1109750.9
16048,573137.4
16049,2949890.0
16050,419748.44
16051,1269134.2
16052,1349116.1
16053,1004585.3
16054,651839.5
16055,1093583.2
16056,1725450.5
16057,753950.0
16058,1602859.0
16059,652229.25
16060,1754099.9
16061,910822.1
16062,559716.1
16063,687106.2
16064,384177.12
16065,3531042.0
16066,784196.75
16067,674592.56
16068,403539.88
16069,245250.58
16070,697889.44
16071,1328594.2
16072,854757.75
16073,895720.9
16074,643525.56
16075,1114987.6
16076,323791.56
16077,1552781.4
16078,1552253.0
16079,178912.14
16080,416437.25
16081,1962636.0
16082,658038.9
16083,1351670.5
16084,2645104.5
16085,956009.6
16086,666535.6
16087,1145650.5
16088,1417864.6
16089,1766265.8
16090,1154491.2
16091,3573581.8
16092,390313.56
16093,1047336.7
16094,763266.56
16095,1657227.8
16096,1997342.8
16097,1882335.0
16098,1315764.6
16099,571970.8
16100,828172.56
16101,194890.7
16102,1561413.0
16103,633745.94
16104,953030.3
16105,575173.3
16106,305121.2
16107,680343.1
16108,695414.3
16109,1113451.2
16110,821015.4
16111,442843.56
16112,363562.75
16113,2144604.0
16114,164204.02
16115,198294.77
16116,873953.8
16117,1593430.1
16118,725092.06
16119,931190.3
16120,1114144.8
16121,2193640.8
16122,1663356.0
16123,2007773.9
16124,710945.7
16125,363193.0
16126,788944.7
16127,783932.1
16128,1661841.5
16129,1863845.1
16130,1031770.0
16131,675043.06
16132,824095.3
16133,273654.7
16134,804824.3
16135,893679.7
16136,683811.2
16137,2084962.1
16138,643557.3
16139,1257070.4
16140,1877656.4
16141,1117255.1
16142,910524.75
16143,940047.44
16144,1003800.44
16145,1565739.8
16146,617064.56
16147,4736267.5
16148,399887.2
16149,2322016.2
16150,593607.3
16151,2940387.2
16152,1346834.5
16153,250292.64
16154,2474361.0
16155,1232190.6
16156,2291474.5
16157,2159415.0
16158,1364015.8
16159,910878.0
16160,459785.0
16161,557103.56
16162,1371631.5
16163,107678.58
16164,627358.25
16165,755432.8
16166,2395993.0
16167,1415082.2
16168,956567.94
16169,205601.08
16170,1356180.8
16171,565173.8
16172,1129449.2
16173,1780915.1
16174,2396609.5
16175,1097220.1
16176,2216031.5
16177,699292.5
16178,1199193.5
16179,652484.44
16180,1437629.1
16181,649552.44
16182,1483288.5
16183,291060.44
16184,236540.83
16185,1612079.5
16186,4562854.0
16187,233833.27
16188,1992805.6
16189,629913.94
16190,644530.3
16191,428785.3
16192,1202100.8
16193,648922.4
16194,711070.25
16195,459257.75
16196,1816831.8
16197,360696.88
16198,326985.06
16199,1837792.9
16200,580486.3
16201,694953.7
16202,828071.3
16203,527792.25
16204,706758.25
16205,174264.33
16206,1549866.1
16207,1158571.9
16208,885806.3
16209,312274.2
16210,941829.6
16211,996952.75
16212,1170450.6
16213,1786491.1
16214,253851.14
16215,1379538.1
16216,475826.62
16217,2794539.0
16218,670508.56
16219,611298.56
16220,154244.39
16221,1534253.4
16222,603996.5
16223,2356318.0
16224,451108.75
16225,711775.8
16226,2048402.9
16227,390380.88
16228,459039.44
16229,2010585.1
16230,1081467.8
16231,908001.7
16232,188428.45
16233,873677.3
16234,845527.56
16235,260234.08
16236,1206837.2
16237,1881658.5
16238,1763011.4
16239,499203.0
16240,842027.4
16241,663582.9
16242,2145389.2
16243,1935926.5
16244,546197.0
16245,1157955.8
16246,606620.3
16247,1475527.4
16248,332172.3
16249,3466059.2
16250,700762.7
16251,713699.06
16252,337777.38
16253,1088306.5
16254,3671090.5
16255,1070137.5
16256,474202.8
16257,654106.2
16258,854268.1
16259,1070225.4
16260,550292.25
16261,2650917.0
16262,823731.0
16263,1250058.9
16264,1755357.5
16265,648149.56
16266,2737708.5
16267,783212.1
16268,3108977.8
16269,1078569.5
16270,2173698.2
16271,425105.7
16272,242439.89
16273,84323.89
16274,751962.5
16275,625686.9
16276,1230448.8
16277,374300.0
16278,1702853.5
16279,995950.75
16280,808569.5
16281,689215.1
16282,1001994.3
16283,995901.3
16284,2205072.2
16285,852292.3
16286,1112626.9
16287,1003476.2
16288,2286812.5
16289,1565338.9
16290,794535.94
16291,482345.12
16292,386262.88
16293,1962276.5
16294,240669.39
16295,1050836.8
16296,254656.7
16297,554729.44
16298,1656257.1
16299,415869.25
16300,1984358.5
16301,529628.9
16302,1327284.9
16303,1989452.6
16304,1024774.0
16305,408299.7
16306,2637195.0
16307,971814.44
16308,461077.25
16309,1291622.6
16310,1789634.6
16311,1319786.0
16312,595948.75
16313,1363613.1
16314,564529.7
16315,892072.56
16316,1451700.8
16317,325389.0
16318,1952225.1
16319,792961.25
16320,1100992.6
16321,398202.75
16322,636683.75
16323,1335075.8
16324,1541352.2
16325,852128.06
16326,391660.06
16327,1595836.8
16328,1332043.1
16329,683819.6
16330,1349195.8
16331,2683608.5
16332,3795549.8
16333,1041891.25
16334,994756.0
16335,1772579.2
16336,474224.94
16337,1773130.8
16338,475747.7
16339,1132129.0
16340,182916.33
16341,1636477.2
16342,610605.2
16343,2384038.5
16344,681611.5
16345,4930358.5
16346,349081.94
16347,2592083.8
16348,840228.3
16349,1000407.1
16350,268546.3
16351,779261.75
16352,635809.94
16353,683471.8
16354,1002721.56
16355,1091447.5
16356,2680883.5
16357,138280.33
16358,1148002.8
16359,1490534.1
16360,2223966.0
16361,1617667.5
16362,269842.12
16363,277638.06
16364,714692.44
16365,231193.52
16366,1805150.4
16367,1316810.5
16368,1767907.6
16369,1160272.6
16370,1472495.1
16371,1672550.9
16372,2622093.2
16373,425053.0
16374,298697.88
16375,415794.06
16376,1420752.2
16377,1556079.6
16378,1564199.2
16379,2800107.0
16380,320277.12
16381,368158.44
16382,1694043.0
16383,460594.5
16384,3265570.0
16385,1909993.4
16386,1667562.8
16387,1123582.1
16388,316461.94
16389,809927.75
16390,1372409.8
16391,357419.38
16392,2098183.2
16393,3305461.0
16394,1135376.0
16395,2084063.4
16396,2436423.8
16397,1041072.7
16398,636471.44
16399,257386.64
16400,3060483.2
16401,642193.25
16402,963856.5
16403,430318.38
16404,534410.3
16405,712128.5
16406,242996.33
16407,1003588.0
16408,1091779.5
16409,3071687.0
16410,624461.7
16411,2560994.5
16412,168191.89
16413,2245575.5
16414,1052299.6
16415,274577.44
16416,743721.8
16417,3500581.2
16418,1026537.5
16419,827760.44
16420,1579022.4
16421,1295069.6
16422,1063854.8
16423,722383.9
16424,1082333.8
16425,53045.453
16426,838142.44
16427,678304.4
16428,1032087.56
16429,1480713.4
16430,236952.89
16431,1573317.9
16432,833293.2
16433,667318.3
16434,656145.06
16435,2655242.8
16436,1071546.0
16437,1751208.2
16438,1439696.9
16439,919477.25
16440,129627.266
16441,377686.75
16442,92609.08
16443,795894.9
16444,656638.44
16445,267088.75
16446,193023.7
16447,252770.2
16448,704235.7
16449,947707.3
16450,744288.6
16451,1036525.9
16452,641414.3
16453,368508.0
16454,428566.7
16455,1581884.0
16456,902318.75
16457,290410.62
16458,393864.2
16459,1582055.6
16460,348526.62
16461,1427383.5
16462,375950.62
16463,1082839.9
16464,973431.5
16465,114751.516
16466,827212.44
16467,1701809.9
16468,3546379.8
16469,300667.7
16470,2589885.5
16471,380978.25
16472,37377.64
16473,1086310.6
16474,703848.5
16475,720228.06
16476,410779.5
16477,1472737.4
16478,957207.75
16479,1676894.4
16480,1008072.3
16481,1905473.0
16482,480707.75
16483,495872.8
16484,735859.94
16485,697148.7
16486,441266.8
16487,284882.44
16488,630994.56
16489,911041.94
16490,749544.7
16491,1332107.5
16492,2940933.0
16493,717215.9
16494,1886082.6
16495,418588.7
16496,1104046.6
16497,876033.3
16498,330096.62
16499,642862.94
16500,409874.62
16501,1560778.8
16502,797806.94
16503,1381137.6
16504,150400.2
16505,305881.44
16506,400817.88
16507,878111.2
16508,523343.38
16509,961077.75
16510,391425.44
16511,324999.0
16512,1604133.9
16513,2375574.0
16514,921587.0
16515,1144671.4
16516,984647.5
16517,651451.0
16518,850602.06
16519,622997.06
16520,47049.766
16521,1093654.1
16522,1425762.1
16523,1471114.0
16524,178280.89
16525,1385244.9
16526,1937716.8
16527,1123764.1
16528,536685.1
16529,855153.25
16530,684293.94
16531,997502.9
16532,530431.06
16533,359647.3
16534,1658885.6
16535,1147603.0
16536,1281184.2
16537,933518.3
16538,606272.94
16539,1780282.2
16540,1666537.5
16541,3165551.5
16542,1569320.5
16543,921133.25
16544,524381.56
16545,844785.3
16546,850206.56
16547,1660670.6
16548,1042862.3
16549,883480.44
16550,1073120.6
16551,3243134.2
16552,1649249.8
16553,664348.7
16554,356932.94
16555,972209.1
16556,1041640.7
16557,582121.5
16558,614847.06
16559,315081.56
16560,901903.44
16561,192484.27
16562,720714.5
16563,966132.44
16564,3114125.8
16565,1411807.4
16566,788357.7
16567,771054.3
16568,1116680.0
16569,1679043.4
16570,962358.25
16571,1044976.0
16572,432398.7
16573,1781105.8
16574,1672230.2
16575,153706.95
16576,423341.12
16577,2147449.2
16578,207888.45
16579,1564863.8
16580,314237.56
16581,288561.2
16582,435027.5
16583,245556.02
16584,2240525.8
16585,1790490.5
16586,2133857.0
16587,260713.14
16588,1027011.4
16589,987387.3
16590,1291662.2
16591,992012.6
16592,1693432.6
16593,805270.44
16594,1419828.1
16595,576287.8
16596,452290.56
16597,1497401.1
16598,1737377.9
16599,1408494.5
16600,969478.5
16601,1196620.4
16602,969618.06
16603,675690.9
16604,1715856.1
16605,479293.7
16606,2258580.5
16607,78064.2
16608,882241.25
16609,2783259.0
16610,1581856.2
16611,731345.56
16612,312807.44
16613,364485.38
16614,1127520.5
16615,570930.25
